# luminosity	mass	eff_temp	spec_type	m2	e	a	inc	an	desig	in_celestia	name
0.152756605823807262157	0.661757310245569163598	0	K6V	0	0	0	0	0	M31 (L1)	1	And K6 L1
0.00492039535681451124793	0.177727232105154842046	0	M2V	0	0	0	0	0	M31 (L2)	1	And M2 L2
0.704693068967147007164	0.925978167459895251667	0	K1V	0	0	0	0	0	M31 (L3)	1	And K1 L3
2.20800473301889965683	1.1996713422006488603	0	G6V	0	0	0	0	0	M31 (L4)	1	And G6 L4
2.99226463660818886581	1.28647140651580427217	0	F6V	0	0	0	0	0	M31 (L5)	1	And F6 L5
0.285759054337494600162	0.759391674834308916253	0	K4V	0	0	0	0	0	M31 (L6)	1	And K4 L6
0.0544502652842421136503	0.461621934993685978377	0	K8V	0	0	0	0	0	M31 (L7)	1	And K8 L7
0.570164272280747286281	0.883863927675594740485	0	K0V	0	0	0	0	0	M31 (L8)	1	And K0 L8
4.20726628384444101272	1.39128244988944538285	0	F8V	0	0	0	0	0	M31 (L9)	1	And F8 L9
0.000340408189701000890495	0.0615406891530303201687	0	M5V	0	0	0	0	0	M31 (L10)	1	And M5 L10
0.0095499258602143536484	0.23126385424521939127	0	M1V	0	0	0	0	0	M31 (L11)	1	And M1 L11
0.0334195040026114414955	0.380285133250793661031	0	K9V	0	0	0	0	0	M31 (L12)	1	And K9 L12
0.244343055269397119167	0.733709362027211375867	0	K4V	0	0	0	0	0	M31 (L13)	1	And K4 L13
3.34195040026114265075	1.31956894001108682168	0	F6V	0	0	0	0	0	M31 (L14)	1	And F6 L14
0.00492039535681451124793	0.177727232105154842046	0	M2V	0	0	0	0	0	M31 (L15)	1	And M2 L15
0.205116217882556572949	0.706032079413535518242	0	K5V	0	0	0	0	0	M31 (L16)	1	And K5 L16
0.190546071796324739678	0.694693143563823056752	0	K5V	0	0	0	0	0	M31 (L17)	1	And K5 L17
0.409260659730010967206	0.82175813543330311628	0	K1V	0	0	0	0	0	M31 (L18)	1	And K1 L18
0.0559757601495110210243	0.466714375515159929364	0	K8V	0	0	0	0	0	M31 (L19)	1	And K8 L19
0.779830110523259012467	0.946823332939915163209	0	G7V	0	0	0	0	0	M31 (L20)	1	And G7 L20
0.00492039535681451124793	0.177727232105154842046	0	M2V	0	0	0	0	0	M31 (L21)	1	And M2 L21
3.19153785510076204446	1.30567605661793262328	0	G1V	0	0	0	0	0	M31 (L22)	1	And G1 L22
3.40408189701000907235	1.32516739679624673265	0	F9V	0	0	0	0	0	M31 (L23)	1	And F9 L23
0.0313328572431558621814	0.370673568265186270665	0	K9V	0	0	0	0	0	M31 (L24)	1	And K9 L24
3.8725764492161727226	1.36502733029081757543	0	F8V	0	0	0	0	0	M31 (L25)	1	And F8 L25
0.00492039535681451124793	0.177727232105154842046	0	M2V	0	0	0	0	0	M31 (L26)	1	And M2 L26
0.0322106879128343306928	0.374762700423299066621	0	K9V	0	0	0	0	0	M31 (L27)	1	And K9 L27
0.847227414140596657433	0.964227028750125336742	0	G9V	0	0	0	0	0	M31 (L28)	1	And G9 L28
1.64437172321493174643	1.12109847046836375029	0	F7V	0	0	0	0	0	M31 (L29)	1	And F7 L29
1.18032063565172928854	1.03883822142521720089	0	G5V	0	0	0	0	0	M31 (L30)	1	And G5 L30
1.67494287602643820989	1.12585488837766489745	0	G2V	0	0	0	0	0	M31 (L31)	1	And G2 L31
1.02801629812647377094	1.00637070616368573539	0	G6V	0	0	0	0	0	M31 (L32)	1	And G6 L32
1.44543977074592788767	1.088361462584270134	0	F9V	0	0	0	0	0	M31 (L33)	1	And F9 L33
0.436515832240165824185	0.833482539447481740602	0	K3V	0	0	0	0	0	M31 (L34)	1	And K3 L34
2.10862814993329061863	1.18704078265810442083	0	G2V	0	0	0	0	0	M31 (L35)	1	And G2 L35
0.0946237161365793277845	0.574885368451367839704	0	K7V	0	0	0	0	0	M31 (L36)	1	And K7 L36
0.0192309172891015969786	0.305361675030025592203	0	M0V	0	0	0	0	0	M31 (L37)	1	And M0 L37
0.0346736850452531511491	0.385888943612124057925	0	K9V	0	0	0	0	0	M31 (L38)	1	And K9 L38
3.10455958812835586258	1.29741063469067707814	0	G2V	0	0	0	0	0	M31 (L39)	1	And G2 L39
0.704693068967147007164	0.925978167459895251667	0	G7V	0	0	0	0	0	M31 (L40)	1	And G7 L40
1.10662378397766669735	1.02355837888382472656	0	G5V	0	0	0	0	0	M31 (L41)	1	And G5 L41
0.195884467350599056346	0.698923745563803100467	0	K5V	0	0	0	0	0	M31 (L42)	1	And K5 L42
0.452897579903620617348	0.840257150766082649973	0	K2V	0	0	0	0	0	M31 (L43)	1	And K2 L43
2.39883291901949080582	1.22274598244379628653	0	F9V	0	0	0	0	0	M31 (L44)	1	And F9 L44
0.428548520397439569596	0.830115744124479415511	0	K3V	0	0	0	0	0	M31 (L45)	1	And K3 L45
0.67920363261718463832	0.918512426563394934753	0	K1V	0	0	0	0	0	M31 (L46)	1	And K1 L46
0.00492039535681451124793	0.177727232105154842046	0	M2V	0	0	0	0	0	M31 (L47)	1	And M2 L47
0.0954992586021436024035	0.576991615675185531842	0	K7V	0	0	0	0	0	M31 (L48)	1	And K7 L48
0.737904230129100890956	0.935395735533160022079	0	G8V	0	0	0	0	0	M31 (L49)	1	And G8 L49
3.40408189701000907235	1.32516739679624673265	0	G1V	0	0	0	0	0	M31 (L50)	1	And G1 L50
0.002355049283896008816	0.132646018737255760866	0	M3V	0	0	0	0	0	M31 (L51)	1	And M3 L51
1	1	0	G1V	0	0	0	0	0	M31 (L52)	1	And G1 L52
1.41905752168909193855	1.0837634437757461825	0	G6V	0	0	0	0	0	M31 (L53)	1	And G6 L53
0.510504999975406437152	0.862657251404544633822	0	K0V	0	0	0	0	0	M31 (L54)	1	And K0 L54
0.660693448007595884874	0.912952649071944843939	0	K0V	0	0	0	0	0	M31 (L55)	1	And K0 L55
3.07609681474070884022	1.29466713783470011023	0	G1V	0	0	0	0	0	M31 (L56)	1	And G1 L56
1.95884467350599056346	1.16710790056882518506	0	G0V	0	0	0	0	0	M31 (L57)	1	And G0 L57
0.002355049283896008816	0.132646018737255760866	0	M3V	0	0	0	0	0	M31 (L58)	1	And M3 L58
1.00925288607668428575	1.00211907507018804786	0	G7V	0	0	0	0	0	M31 (L59)	1	And G7 L59
1.14815362149688304783	1.03226198364348142889	0	G7V	0	0	0	0	0	M31 (L60)	1	And G7 L60
2.07014134879104227949	1.18202587168157369213	0	F8V	0	0	0	0	0	M31 (L61)	1	And F8 L61
0.149968483550237396962	0.659084187160622003709	0	K6V	0	0	0	0	0	M31 (L62)	1	And K6 L62
0.00492039535681451124793	0.177727232105154842046	0	M2V	0	0	0	0	0	M31 (L63)	1	And M2 L63
0.32809529311311902422	0.782798071947281570715	0	K3V	0	0	0	0	0	M31 (L64)	1	And K3 L64
1.24738351424294324765	1.05211664972690877029	0	G0V	0	0	0	0	0	M31 (L65)	1	And G0 L65
0.824138115013002270359	0.958390539687968168181	0	G9V	0	0	0	0	0	M31 (L66)	1	And G9 L66
1.95884467350599056346	1.16710790056882518506	0	G4V	0	0	0	0	0	M31 (L67)	1	And G4 L67
0.0373250157795720488574	0.397345511263220929621	0	K9V	0	0	0	0	0	M31 (L68)	1	And K9 L68
1.16949939101987099299	1.03664150026528290027	0	G1V	0	0	0	0	0	M31 (L69)	1	And G1 L69
1.59955802861466844789	1.11400149428238370852	0	G0V	0	0	0	0	0	M31 (L70)	1	And G0 L70
3.19153785510076204446	1.30567605661793262328	0	F6V	0	0	0	0	0	M31 (L71)	1	And F6 L71
1.20226443461741316909	1.04324563866055530781	0	G7V	0	0	0	0	0	M31 (L72)	1	And G7 L72
1.40604752412991396149	1.08147172400629121292	0	F7V	0	0	0	0	0	M31 (L73)	1	And F7 L73
0.0322106879128343306928	0.374762700423299066621	0	K9V	0	0	0	0	0	M31 (L74)	1	And K9 L74
0.034040818970100091001	0.383076791703105712372	0	K9V	0	0	0	0	0	M31 (L75)	1	And K9 L75
0.685488226452661497667	0.92037319966182229436	0	K1V	0	0	0	0	0	M31 (L76)	1	And K1 L76
3.1332857243155860516	1.30015994522244704434	0	G1V	0	0	0	0	0	M31 (L77)	1	And G1 L77
0.229086765276777376554	0.723388443972833417028	0	K5V	0	0	0	0	0	M31 (L78)	1	And K5 L78
0.855066712884683388651	0.966180413009266825242	0	K1V	0	0	0	0	0	M31 (L79)	1	And K1 L79
1.51356124843620842846	1.09994203711701632464	0	G5V	0	0	0	0	0	M31 (L80)	1	And G5 L80
2.85759054337494733389	1.27292698553299388209	0	G4V	0	0	0	0	0	M31 (L81)	1	And G4 L81
0.0373250157795720488574	0.397345511263220929621	0	K9V	0	0	0	0	0	M31 (L82)	1	And K9 L82
0.296483138952434166491	0.765564069806127012185	0	K3V	0	0	0	0	0	M31 (L83)	1	And K3 L83
0.0205116217882556420293	0.313279702736725174095	0	M0V	0	0	0	0	0	M31 (L84)	1	And M0 L84
1.99526231496887951344	1.1720595199551517851	0	G4V	0	0	0	0	0	M31 (L85)	1	And G4 L85
0.549540873857624401211	0.876737734743972652041	0	G9V	0	0	0	0	0	M31 (L86)	1	And G9 L86
0.49659232145033616046	0.857435566612385735574	0	G9V	0	0	0	0	0	M31 (L87)	1	And G9 L87
0.313328572431558594058	0.774916857772211531419	0	K3V	0	0	0	0	0	M31 (L88)	1	And K3 L88
0.487528490103386225041	0.853972014685598801442	0	K1V	0	0	0	0	0	M31 (L89)	1	And K1 L89
0.165958690743756021035	0.673921166507894353614	0	K5V	0	0	0	0	0	M31 (L90)	1	And K5 L90
2.29086765276777271083	1.20987248501713140492	0	G5V	0	0	0	0	0	M31 (L91)	1	And G5 L91
0.413047501990161380903	0.823422898356053312163	0	K2V	0	0	0	0	0	M31 (L92)	1	And K2 L92
0.452897579903620617348	0.840257150766082649973	0	K2V	0	0	0	0	0	M31 (L93)	1	And K2 L93
0.0787045789695098724215	0.53433831425862865494	0	K7V	0	0	0	0	0	M31 (L94)	1	And K7 L94
1.0764652136298349383	1.01707886826879012609	0	G8V	0	0	0	0	0	M31 (L95)	1	And G8 L95
0.0100000000000000002082	0.235531497971457115526	0	M1V	0	0	0	0	0	M31 (L96)	1	And M1 L96
0.376703798983908988429	0.806925914190568249751	0	K3V	0	0	0	0	0	M31 (L97)	1	And K3 L97
0.515228644581756545229	0.864404870010623493926	0	G9V	0	0	0	0	0	M31 (L98)	1	And G9 L98
0.00972747223776965555531	0.2329615532530641131	0	M1V	0	0	0	0	0	M31 (L99)	1	And M1 L99
0.0187068214036580013349	0.3020297952997051949	0	M0V	0	0	0	0	0	M31 (L100)	1	And M0 L100
4.32513831035008688985	1.4001459015683836995	0	F4V	0	0	0	0	0	M31 (L101)	1	And F4 L101
1.12719745617551025951	1.02790096923853657707	0	G1V	0	0	0	0	0	M31 (L102)	1	And G1 L102
0.487528490103386225041	0.853972014685598801442	0	K2V	0	0	0	0	0	M31 (L103)	1	And K2 L103
1.2823305826560220666	1.05881937575224038817	0	G8V	0	0	0	0	0	M31 (L104)	1	And G8 L104
0.0304789498962798541259	0.366629053679173477764	0	K9V	0	0	0	0	0	M31 (L105)	1	And K9 L105
0.120226443461741314134	0.627836596577449945755	0	K6V	0	0	0	0	0	M31 (L106)	1	And K6 L106
1.10662378397766669735	1.02355837888382472656	0	G7V	0	0	0	0	0	M31 (L107)	1	And G7 L107
2.07014134879104227949	1.18202587168157369213	0	F9V	0	0	0	0	0	M31 (L108)	1	And F9 L108
0.0602559586074357805829	0.480570550731735490757	0	K8V	0	0	0	0	0	M31 (L109)	1	And K8 L109
1.04712854805089938814	1.01064037539995998927	0	G8V	0	0	0	0	0	M31 (L110)	1	And G8 L110
0.00492039535681451124793	0.177727232105154842046	0	M2V	0	0	0	0	0	M31 (L111)	1	And M2 L111
0.474241985260244802713	0.848802901837184431422	0	K3V	0	0	0	0	0	M31 (L112)	1	And K3 L112
0.937562006925879987129	0.985933233800013519854	0	K0V	0	0	0	0	0	M31 (L113)	1	And K0 L113
0.794328234724281490031	0.95066347257298966511	0	G6V	0	0	0	0	0	M31 (L114)	1	And G6 L114
0.203235701093622267432	0.704604652473591830386	0	K5V	0	0	0	0	0	M31 (L115)	1	And K5 L115
0.946237161365793388867	0.987930591685703518579	0	G8V	0	0	0	0	0	M31 (L116)	1	And G8 L116
0.120226443461741314134	0.627836596577449945755	0	K6V	0	0	0	0	0	M31 (L117)	1	And K6 L117
0.0972747223776964792252	0.581227288805616582046	0	K7V	0	0	0	0	0	M31 (L118)	1	And K7 L118
0.0946237161365793277845	0.574885368451367839704	0	K7V	0	0	0	0	0	M31 (L119)	1	And K7 L119
0.912010839355909985748	0.979965356564140965823	0	G6V	0	0	0	0	0	M31 (L120)	1	And G6 L120
0.870963589956080364018	0.970099061364896875226	0	G9V	0	0	0	0	0	M31 (L121)	1	And G9 L121
0.304789498962798277581	0.770226267662607044784	0	K3V	0	0	0	0	0	M31 (L122)	1	And K3 L122
0.331131121482591050942	0.784383907426100535076	0	K3V	0	0	0	0	0	M31 (L123)	1	And K3 L123
0.134276496113786419917	0.643270684024182748395	0	K6V	0	0	0	0	0	M31 (L124)	1	And K6 L124
1.94088587759277775291	1.16463994110388657788	0	G0V	0	0	0	0	0	M31 (L125)	1	And G0 L125
0.409260659730010967206	0.82175813543330311628	0	K2V	0	0	0	0	0	M31 (L126)	1	And K2 L126
1.92309172891015833784	1.16217720037143856793	0	F7V	0	0	0	0	0	M31 (L127)	1	And F7 L127
0.0201372424986238779399	0.310996688080069638715	0	M0V	0	0	0	0	0	M31 (L128)	1	And M0 L128
1.066596121230258154	1.01492815930836810523	0	G5V	0	0	0	0	0	M31 (L129)	1	And G5 L129
0.570164272280747286281	0.883863927675594740485	0	K2V	0	0	0	0	0	M31 (L130)	1	And K2 L130
0.990831944892767824129	0.997978240675509664648	0	G7V	0	0	0	0	0	M31 (L131)	1	And G7 L131
0.356451133426244182179	0.797186795852815155428	0	K3V	0	0	0	0	0	M31 (L132)	1	And K3 L132
0.928966386779936259543	0.983939914091253364781	0	G9V	0	0	0	0	0	M31 (L133)	1	And G9 L133
1.43218789927354306357	1.08606001987143252485	0	G5V	0	0	0	0	0	M31 (L134)	1	And G5 L134
0.0331131121482591272986	0.37889694235787862997	0	K9V	0	0	0	0	0	M31 (L135)	1	And K9 L135
0.272897778280804026441	0.751746116360657690159	0	K3V	0	0	0	0	0	M31 (L136)	1	And K3 L136
1.61435855682648687903	1.11636214707706993288	0	G7V	0	0	0	0	0	M31 (L137)	1	And G7 L137
0.0103752841581801341642	0.239002245926996426117	0	M1V	0	0	0	0	0	M31 (L138)	1	And M1 L138
0.00492039535681451124793	0.177727232105154842046	0	M2V	0	0	0	0	0	M31 (L139)	1	And M2 L139
0.831763771102670856905	0.960332100065883764728	0	K0V	0	0	0	0	0	M31 (L140)	1	And K0 L140
0.00990831944892767678412	0.234671715003651804032	0	M1V	0	0	0	0	0	M31 (L141)	1	And M1 L141
0.559757601495110224121	0.880293620204197324597	0	K2V	0	0	0	0	0	M31 (L142)	1	And K2 L142
0.195884467350599056346	0.698923745563803100467	0	K5V	0	0	0	0	0	M31 (L143)	1	And K5 L143
2.07014134879104227949	1.18202587168157369213	0	G3V	0	0	0	0	0	M31 (L144)	1	And G3 L144
0.00990831944892767678412	0.234671715003651804032	0	M1V	0	0	0	0	0	M31 (L145)	1	And M1 L145
0.161435855682648704557	0.66984190571162938177	0	K6V	0	0	0	0	0	M31 (L146)	1	And K6 L146
0.366437574647833330665	0.802041572503684352391	0	K3V	0	0	0	0	0	M31 (L147)	1	And K3 L147
0.369828179780266164123	0.803666392526554473896	0	K4V	0	0	0	0	0	M31 (L148)	1	And K4 L148
0.18879913490962940692	0.693288641223163359939	0	K5V	0	0	0	0	0	M31 (L149)	1	And K5 L149
0.654636174067275034005	0.911106878540865472438	0	G9V	0	0	0	0	0	M31 (L150)	1	And G9 L150
0.002355049283896008816	0.132646018737255760866	0	M3V	0	0	0	0	0	M31 (L151)	1	And M3 L151
0.172186857498600687233	0.679398850498125983499	0	K5V	0	0	0	0	0	M31 (L152)	1	And K5 L152
0.0185353162341481136899	0.300927267289630429037	0	M0V	0	0	0	0	0	M31 (L153)	1	And M0 L153
1.1912420080273753431	1.04103959760219799691	0	G7V	0	0	0	0	0	M31 (L154)	1	And G7 L154
0.034040818970100091001	0.383076791703105712372	0	K9V	0	0	0	0	0	M31 (L155)	1	And K9 L155
2.31206479017559507483	1.21243629563823773765	0	G3V	0	0	0	0	0	M31 (L156)	1	And G3 L156
1.44543977074592788767	1.088361462584270134	0	G3V	0	0	0	0	0	M31 (L157)	1	And G3 L157
0.559757601495110224121	0.880293620204197324597	0	K1V	0	0	0	0	0	M31 (L158)	1	And K1 L158
2.99226463660818886581	1.28647140651580427217	0	F9V	0	0	0	0	0	M31 (L159)	1	And F9 L159
1.40604752412991396149	1.08147172400629121292	0	G0V	0	0	0	0	0	M31 (L160)	1	And G0 L160
0.103752841581801258375	0.596298511401577080449	0	K7V	0	0	0	0	0	M31 (L161)	1	And K7 L161
0.440554863506553429087	0.835171054314085892223	0	K1V	0	0	0	0	0	M31 (L162)	1	And K1 L162
0.0195884467350599042468	0.307603323273864581733	0	M0V	0	0	0	0	0	M31 (L163)	1	And M0 L163
0.0183653834334834668851	0.299828763942128317943	0	M0V	0	0	0	0	0	M31 (L164)	1	And M0 L164
2.31206479017559507483	1.21243629563823773765	0	G4V	0	0	0	0	0	M31 (L165)	1	And G4 L165
0.133045441797809166351	0.641970145520585622201	0	K6V	0	0	0	0	0	M31 (L166)	1	And K6 L166
0.002355049283896008816	0.132646018737255760866	0	M3V	0	0	0	0	0	M31 (L167)	1	And M3 L167
2.10862814993329061863	1.18704078265810442083	0	G6V	0	0	0	0	0	M31 (L168)	1	And G6 L168
1.1587773561551262258	1.03444942427892305759	0	G7V	0	0	0	0	0	M31 (L169)	1	And G7 L169
0.0809095899178382677031	0.540232934677270515422	0	K7V	0	0	0	0	0	M31 (L170)	1	And K7 L170
1.41905752168909193855	1.0837634437757461825	0	G7V	0	0	0	0	0	M31 (L171)	1	And G7 L171
1.90546071796324745229	1.15971966733598019772	0	G4V	0	0	0	0	0	M31 (L172)	1	And G4 L172
1.52756605823807256606	1.10227289686652274447	0	G5V	0	0	0	0	0	M31 (L173)	1	And G5 L173
0.816582371358592573607	0.956452904677850712645	0	K0V	0	0	0	0	0	M31 (L174)	1	And K0 L174
1.92309172891015833784	1.16217720037143856793	0	F9V	0	0	0	0	0	M31 (L175)	1	And F9 L175
3.73250157795720660658	1.35351798619287211345	0	F9V	0	0	0	0	0	M31 (L176)	1	And F9 L176
1.09647819614318464687	1.02139396838857199334	0	G4V	0	0	0	0	0	M31 (L177)	1	And G4 L177
0.00492039535681451124793	0.177727232105154842046	0	M2V	0	0	0	0	0	M31 (L178)	1	And M2 L178
2.05116217882556606256	1.17952636676313660224	0	G3V	0	0	0	0	0	M31 (L179)	1	And G3 L179
0.801678063387678996321	0.952589379032458993812	0	G8V	0	0	0	0	0	M31 (L180)	1	And G8 L180
0.903649473722301199707	0.977984102466829763323	0	K0V	0	0	0	0	0	M31 (L181)	1	And K0 L181
0.744731973905988886564	0.937290711769438122936	0	K1V	0	0	0	0	0	M31 (L182)	1	And K1 L182
0.000937562006925879974119	0.0920173077046296805648	0	M4V	0	0	0	0	0	M31 (L183)	1	And M4 L183
0.887156012037961017036	0.974033603030646344401	0	G8V	0	0	0	0	0	M31 (L184)	1	And G8 L184
0.197696964011186110399	0.700339663809420254204	0	K5V	0	0	0	0	0	M31 (L185)	1	And K5 L185
0.346736850452531497613	0.792361405280096797732	0	K3V	0	0	0	0	0	M31 (L186)	1	And K3 L186
0.570164272280747286281	0.883863927675594740485	0	K1V	0	0	0	0	0	M31 (L187)	1	And K1 L187
0.96382902362397049334	0.991937454727491063622	0	G7V	0	0	0	0	0	M31 (L188)	1	And G7 L188
0.903649473722301199707	0.977984102466829763323	0	K0V	0	0	0	0	0	M31 (L189)	1	And K0 L189
2.91071711806660582411	1.2783275572675107945	0	G1V	0	0	0	0	0	M31 (L190)	1	And G1 L190
0.187068214036579999471	0.691886978448207123904	0	K5V	0	0	0	0	0	M31 (L191)	1	And K5 L191
0.765596606911256305494	0.942998705286449356855	0	G8V	0	0	0	0	0	M31 (L192)	1	And G8 L192
0.00492039535681451124793	0.177727232105154842046	0	M2V	0	0	0	0	0	M31 (L193)	1	And M2 L193
0.216770410481969433292	0.714657573472681661997	0	K4V	0	0	0	0	0	M31 (L194)	1	And K4 L194
1.10662378397766669735	1.02355837888382472656	0	G6V	0	0	0	0	0	M31 (L195)	1	And G6 L195
0.000937562006925879974119	0.0920173077046296805648	0	M4V	0	0	0	0	0	M31 (L196)	1	And M4 L196
0.824138115013002270359	0.958390539687968168181	0	G9V	0	0	0	0	0	M31 (L197)	1	And G9 L197
2.05116217882556606256	1.17952636676313660224	0	F6V	0	0	0	0	0	M31 (L198)	1	And F6 L198
0.515228644581756545229	0.864404870010623493926	0	K0V	0	0	0	0	0	M31 (L199)	1	And K0 L199
0.398107170553497258236	0.816784013959637178459	0	K3V	0	0	0	0	0	M31 (L200)	1	And K3 L200
1.14815362149688304783	1.03226198364348142889	0	G5V	0	0	0	0	0	M31 (L201)	1	And G5 L201
0.207014134879104222398	0.707462398113648083253	0	K5V	0	0	0	0	0	M31 (L202)	1	And K5 L202
0.879022516830884614869	0.972064341511352236758	0	K0V	0	0	0	0	0	M31 (L203)	1	And K0 L203
0.0319153785510076087872	0.373394668590751044324	0	K9V	0	0	0	0	0	M31 (L204)	1	And K9 L204
0.0101859138805411655881	0.237260525586807241583	0	M1V	0	0	0	0	0	M31 (L205)	1	And M1 L205
1.87068214036580005022	1.15482018033065725326	0	F5V	0	0	0	0	0	M31 (L206)	1	And F5 L206
0.0180301774085956968696	0.297643772522042437956	0	M0V	0	0	0	0	0	M31 (L207)	1	And M0 L207
0.139315680294530341854	0.648499238493726037902	0	K6V	0	0	0	0	0	M31 (L208)	1	And K6 L208
1.22461619926504838851	1.04767175498328324323	0	G4V	0	0	0	0	0	M31 (L209)	1	And G4 L209
0.432513831035008622372	0.831797438351553841684	0	K2V	0	0	0	0	0	M31 (L210)	1	And K2 L210
0.0570164272280747341792	0.470140507691521325473	0	K8V	0	0	0	0	0	M31 (L211)	1	And K8 L211
0.660693448007595884874	0.912952649071944843939	0	K1V	0	0	0	0	0	M31 (L212)	1	And K1 L212
1.83653834334834664688	1.14994139226973590695	0	F6V	0	0	0	0	0	M31 (L213)	1	And F6 L213
1.03752841581801269477	1.00850328123848465012	0	G5V	0	0	0	0	0	M31 (L214)	1	And G5 L214
0.586138164514028670027	0.88924655817191977647	0	K2V	0	0	0	0	0	M31 (L215)	1	And K2 L215
0.131825673855640673748	0.640672236392834770768	0	K6V	0	0	0	0	0	M31 (L216)	1	And K6 L216
0.744731973905988886564	0.937290711769438122936	0	K1V	0	0	0	0	0	M31 (L217)	1	And K1 L217
0.00492039535681451124793	0.177727232105154842046	0	M2V	0	0	0	0	0	M31 (L218)	1	And M2 L218
0.78704578969509875197	0.948741459832862843449	0	K0V	0	0	0	0	0	M31 (L219)	1	And K0 L219
2.44343055269397213536	1.22793365421627820311	0	G1V	0	0	0	0	0	M31 (L220)	1	And G1 L220
0.717794291271361517559	0.929733762972294930371	0	K0V	0	0	0	0	0	M31 (L221)	1	And K0 L221
1.77010895831742121054	1.14024556356183515149	0	G4V	0	0	0	0	0	M31 (L222)	1	And G4 L222
0.954992586021436107302	0.989931995929084540542	0	G8V	0	0	0	0	0	M31 (L223)	1	And G8 L223
0.000135518941235103609943	0.0426911307558065986067	0	M6V	0	0	0	0	0	M31 (L224)	1	And M6 L224
0.363078054770101465998	0.800420037475846113395	0	K3V	0	0	0	0	0	M31 (L225)	1	And K3 L225
1	1	0	G6V	0	0	0	0	0	M31 (L226)	1	And G6 L226
0.457088189614875184397	0.841959390013685249343	0	K3V	0	0	0	0	0	M31 (L227)	1	And K3 L227
5.2480746024977271702	1.46379143000152889265	0	F1V	0	0	0	0	0	M31 (L228)	1	And F1 L228
0.334195040026114387199	0.785972955577837417707	0	K3V	0	0	0	0	0	M31 (L229)	1	And K3 L229
0.0390840895792402207021	0.404677954475436751913	0	K9V	0	0	0	0	0	M31 (L230)	1	And K9 L230
1.49968483550237396962	1.09761610618975269382	0	G5V	0	0	0	0	0	M31 (L231)	1	And G5 L231
0.0524807460249772927963	0.454918343649189815814	0	K8V	0	0	0	0	0	M31 (L232)	1	And K8 L232
3.8725764492161727226	1.36502733029081757543	0	A5V	0	0	0	0	0	M31 (L233)	1	And A5 L233
0.0554625712957910882439	0.465010683761174381523	0	K8V	0	0	0	0	0	M31 (L234)	1	And K8 L234
1.0764652136298349383	1.01707886826879012609	0	G4V	0	0	0	0	0	M31 (L235)	1	And G4 L235
0.779830110523259012467	0.946823332939915163209	0	G9V	0	0	0	0	0	M31 (L236)	1	And G9 L236
0.0359749335155742505643	0.391575330671358579071	0	K9V	0	0	0	0	0	M31 (L237)	1	And K9 L237
0.0554625712957910882439	0.465010683761174381523	0	K8V	0	0	0	0	0	M31 (L238)	1	And K8 L238
0.291071711806660582411	0.762471626464253815492	0	K4V	0	0	0	0	0	M31 (L239)	1	And K4 L239
0.0353183169791956713679	0.38872173941952181675	0	K9V	0	0	0	0	0	M31 (L240)	1	And K9 L240
3.28095293113119046424	1.31399413511960516665	0	G3V	0	0	0	0	0	M31 (L241)	1	And G3 L241
0.519995996533516025018	0.866156029038796293484	0	K2V	0	0	0	0	0	M31 (L242)	1	And K2 L242
0.954992586021436107302	0.989931995929084540542	0	G5V	0	0	0	0	0	M31 (L243)	1	And G5 L243
2.16770410481969433292	1.19460307068873050618	0	G5V	0	0	0	0	0	M31 (L244)	1	And G5 L244
1.92309172891015833784	1.16217720037143856793	0	G5V	0	0	0	0	0	M31 (L245)	1	And G5 L245
0.0102801629812647281337	0.238129793358719588081	0	M1V	0	0	0	0	0	M31 (L246)	1	And M1 L246
0.420726628384444245601	0.826762548739340852322	0	K3V	0	0	0	0	0	M31 (L247)	1	And K3 L247
0.855066712884683388651	0.966180413009266825242	0	G7V	0	0	0	0	0	M31 (L248)	1	And G7 L248
1.6595869074375604324	1.12347416228835905727	0	G6V	0	0	0	0	0	M31 (L249)	1	And G6 L249
1.99526231496887951344	1.1720595199551517851	0	G1V	0	0	0	0	0	M31 (L250)	1	And G1 L250
0.35318316979195701899	0.795575076014939153168	0	K3V	0	0	0	0	0	M31 (L251)	1	And K3 L251
0.0334195040026114414955	0.380285133250793661031	0	K9V	0	0	0	0	0	M31 (L252)	1	And K9 L252
0.704693068967147007164	0.925978167459895251667	0	G6V	0	0	0	0	0	M31 (L253)	1	And G6 L253
0.92044957175317143605	0.981950624395201088213	0	G5V	0	0	0	0	0	M31 (L254)	1	And G5 L254
0.946237161365793388867	0.987930591685703518579	0	G5V	0	0	0	0	0	M31 (L255)	1	And G5 L255
0.0887156012037960961525	0.560355355061385784765	0	K7V	0	0	0	0	0	M31 (L256)	1	And K7 L256
1.45881426027534866208	1.09066778222698568257	0	G6V	0	0	0	0	0	M31 (L257)	1	And G6 L257
0.002355049283896008816	0.132646018737255760866	0	M3V	0	0	0	0	0	M31 (L258)	1	And M3 L258
0.216770410481969433292	0.714657573472681661997	0	K4V	0	0	0	0	0	M31 (L259)	1	And K4 L259
1.04712854805089938814	1.01064037539995998927	0	G7V	0	0	0	0	0	M31 (L260)	1	And G7 L260
0.554625712957910965706	0.878513878369260092782	0	K1V	0	0	0	0	0	M31 (L261)	1	And K1 L261
0.310455958812835663974	0.773350162389305761934	0	K4V	0	0	0	0	0	M31 (L262)	1	And K4 L262
0.0981747943019984775637	0.583356771360985515429	0	K7V	0	0	0	0	0	M31 (L263)	1	And K7 L263
0.0307609681474070965901	0.367972297861162089827	0	K9V	0	0	0	0	0	M31 (L264)	1	And K9 L264
1.83653834334834664688	1.14994139226973590695	0	G1V	0	0	0	0	0	M31 (L265)	1	And G1 L265
3.76703798983908866305	1.35638619241446445329	0	G0V	0	0	0	0	0	M31 (L266)	1	And G0 L266
0.299226463660819008705	0.767114991693539916007	0	K4V	0	0	0	0	0	M31 (L267)	1	And K4 L267
2.31206479017559507483	1.21243629563823773765	0	G1V	0	0	0	0	0	M31 (L268)	1	And G1 L268
1.51356124843620842846	1.09994203711701632464	0	F6V	0	0	0	0	0	M31 (L269)	1	And F6 L269
0.325087297385434459418	0.78121544264612907682	0	K4V	0	0	0	0	0	M31 (L270)	1	And K4 L270
0.124738351424294319214	0.632939701576176183551	0	K6V	0	0	0	0	0	M31 (L271)	1	And K6 L271
0.285759054337494600162	0.759391674834308916253	0	K4V	0	0	0	0	0	M31 (L272)	1	And K4 L272
0.00102801629812647281337	0.0954447384097813072978	0	M4V	0	0	0	0	0	M31 (L273)	1	And M4 L273
0.0100925288607668414004	0.236394430985494952147	0	M1V	0	0	0	0	0	M31 (L274)	1	And M1 L274
1.67494287602643820989	1.12585488837766489745	0	G1V	0	0	0	0	0	M31 (L275)	1	And G1 L275
0.149968483550237396962	0.659084187160622003709	0	K6V	0	0	0	0	0	M31 (L276)	1	And K6 L276
0.0630957344480193166314	0.489438793036779007384	0	K8V	0	0	0	0	0	M31 (L277)	1	And K8 L277
38.9045144994280676087	2.31970753792563622042	0	A0V	0	0	0	0	0	M31 (L278)	1	And A0 L278
1.92309172891015833784	1.16217720037143856793	0	G5V	0	0	0	0	0	M31 (L279)	1	And G5 L279
1.41905752168909193855	1.0837634437757461825	0	G1V	0	0	0	0	0	M31 (L280)	1	And G1 L280
1.12719745617551025951	1.02790096923853657707	0	G8V	0	0	0	0	0	M31 (L281)	1	And G8 L281
0.685488226452661497667	0.92037319966182229436	0	G9V	0	0	0	0	0	M31 (L282)	1	And G9 L282
0.291071711806660582411	0.762471626464253815492	0	K4V	0	0	0	0	0	M31 (L283)	1	And K4 L283
6.13762005164794288703	1.5174269440722487623	0	F0V	0	0	0	0	0	M31 (L284)	1	And F0 L284
0.954992586021436107302	0.989931995929084540542	0	G8V	0	0	0	0	0	M31 (L285)	1	And G8 L285
1.09647819614318464687	1.02139396838857199334	0	G5V	0	0	0	0	0	M31 (L286)	1	And G5 L286
9.9083194489276777972	1.69399800131709232787	0	F3V	0	0	0	0	0	M31 (L287)	1	And F3 L287
0.319153785510076060117	0.778059776661450097635	0	K3V	0	0	0	0	0	M31 (L288)	1	And K3 L288
0.409260659730010967206	0.82175813543330311628	0	K3V	0	0	0	0	0	M31 (L289)	1	And K3 L289
2.48885731828239142871	1.23314333541574305819	0	F6V	0	0	0	0	0	M31 (L290)	1	And F6 L290
2.03235701093622278535	1.17703214728301941427	0	F1V	0	0	0	0	0	M31 (L291)	1	And F1 L291
0.0972747223776964792252	0.581227288805616582046	0	K7V	0	0	0	0	0	M31 (L292)	1	And K7 L292
1.1912420080273753431	1.04103959760219799691	0	G9V	0	0	0	0	0	M31 (L293)	1	And G9 L293
0.002355049283896008816	0.132646018737255760866	0	M3V	0	0	0	0	0	M31 (L294)	1	And M3 L294
1.40604752412991396149	1.08147172400629121292	0	G6V	0	0	0	0	0	M31 (L295)	1	And G6 L295
0.0575439937337157078612	0.471862993935686925173	0	K8V	0	0	0	0	0	M31 (L296)	1	And K8 L296
2.03235701093622278535	1.17703214728301941427	0	G2V	0	0	0	0	0	M31 (L297)	1	And G2 L297
2.46603933723433899061	1.23053573781077285609	0	G1V	0	0	0	0	0	M31 (L298)	1	And G1 L298
0.151356124843620848397	0.660419396233030475685	0	K6V	0	0	0	0	0	M31 (L299)	1	And K6 L299
0.0195884467350599042468	0.307603323273864581733	0	M0V	0	0	0	0	0	M31 (L300)	1	And M0 L300
0.118032063565172928854	0.625300493879524244001	0	K6V	0	0	0	0	0	M31 (L301)	1	And K6 L301
0.036307805477010145212	0.393009972251059491732	0	K9V	0	0	0	0	0	M31 (L302)	1	And K9 L302
0.731139083483417495657	0.933504590482757357073	0	G9V	0	0	0	0	0	M31 (L303)	1	And G9 L303
0.0322106879128343306928	0.374762700423299066621	0	K9V	0	0	0	0	0	M31 (L304)	1	And K9 L304
6.60693448007596195737	1.54334287895757160669	0	A7V	0	0	0	0	0	M31 (L305)	1	And A7 L305
2.67916832481903277596	1.25420402799784524994	0	F9V	0	0	0	0	0	M31 (L306)	1	And F9 L306
0.870963589956080364018	0.970099061364896875226	0	G8V	0	0	0	0	0	M31 (L307)	1	And G8 L307
0.0575439937337157078612	0.471862993935686925173	0	K8V	0	0	0	0	0	M31 (L308)	1	And K8 L308
1.0764652136298349383	1.01707886826879012609	0	G3V	0	0	0	0	0	M31 (L309)	1	And G3 L309
0.436515832240165824185	0.833482539447481740602	0	K3V	0	0	0	0	0	M31 (L310)	1	And K3 L310
0.161435855682648704557	0.66984190571162938177	0	K5V	0	0	0	0	0	M31 (L311)	1	And K5 L311
3.53183169791957007888	1.336435667859275922	0	F4V	0	0	0	0	0	M31 (L312)	1	And F4 L312
0.118032063565172928854	0.625300493879524244001	0	K6V	0	0	0	0	0	M31 (L313)	1	And K6 L313
0.130617088813184151208	0.639376951324965525636	0	K6V	0	0	0	0	0	M31 (L314)	1	And K6 L314
0.11587773561551262258	0.622774635593806302758	0	K6V	0	0	0	0	0	M31 (L315)	1	And K6 L315
0.00972747223776965555531	0.2329615532530641131	0	M1V	0	0	0	0	0	M31 (L316)	1	And M1 L316
0.23988329190194906948	0.730745593583839059271	0	K4V	0	0	0	0	0	M31 (L317)	1	And K4 L317
2.85759054337494733389	1.27292698553299388209	0	G2V	0	0	0	0	0	M31 (L318)	1	And G2 L318
0.0580764417521312109605	0.473591790971653547881	0	K8V	0	0	0	0	0	M31 (L319)	1	And K8 L319
0.0183653834334834668851	0.299828763942128317943	0	M0V	0	0	0	0	0	M31 (L320)	1	And M0 L320
1.90546071796324745229	1.15971966733598019772	0	G6V	0	0	0	0	0	M31 (L321)	1	And G6 L321
1.01859138805411730822	1.00424264061952928095	0	G9V	0	0	0	0	0	M31 (L322)	1	And G9 L322
0.895364765549593766281	0.976006853988464095906	0	G9V	0	0	0	0	0	M31 (L323)	1	And G9 L323
4.32513831035008688985	1.4001459015683836995	0	F5V	0	0	0	0	0	M31 (L324)	1	And F5 L324
0.144543977074592794319	0.653770291063244801677	0	K6V	0	0	0	0	0	M31 (L325)	1	And K6 L325
14.0604752412991409471	1.83589310765664315284	0	F0V	0	0	0	0	0	M31 (L326)	1	And F0 L326
3.1332857243155860516	1.30015994522244704434	0	F4V	0	0	0	0	0	M31 (L327)	1	And F4 L327
0.839459986519397793892	0.962277593763824157236	0	G7V	0	0	0	0	0	M31 (L328)	1	And G7 L328
2.33345806228100238755	1.21500553916651576891	0	G2V	0	0	0	0	0	M31 (L329)	1	And G2 L329
4.01790810848939994315	1.37663454157849818316	0	F8V	0	0	0	0	0	M31 (L330)	1	And F8 L330
4.01790810848939994315	1.37663454157849818316	0	F3V	0	0	0	0	0	M31 (L331)	1	And F3 L331
0.28054336379517136324	0.756324164456882219731	0	K4V	0	0	0	0	0	M31 (L332)	1	And K4 L332
1.2823305826560220666	1.05881937575224038817	0	G6V	0	0	0	0	0	M31 (L333)	1	And G6 L333
0.0104712854805090009591	0.239877894959995785484	0	M1V	0	0	0	0	0	M31 (L334)	1	And M1 L334
0.809095899178382649275	0.954519187099382326878	0	G7V	0	0	0	0	0	M31 (L335)	1	And G7 L335
2.46603933723433899061	1.23053573781077285609	0	F5V	0	0	0	0	0	M31 (L336)	1	And F5 L336
0.586138164514028670027	0.88924655817191977647	0	K2V	0	0	0	0	0	M31 (L337)	1	And K2 L337
0.2355049283896008816	0.727793797079003268458	0	K5V	0	0	0	0	0	M31 (L338)	1	And K5 L338
0.0809095899178382677031	0.540232934677270515422	0	K7V	0	0	0	0	0	M31 (L339)	1	And K7 L339
0.000937562006925879974119	0.0920173077046296805648	0	M4V	0	0	0	0	0	M31 (L340)	1	And M4 L340
0.510504999975406437152	0.862657251404544633822	0	K1V	0	0	0	0	0	M31 (L341)	1	And K1 L341
0.214783047413053401753	0.713212707859695593804	0	K5V	0	0	0	0	0	M31 (L342)	1	And K5 L342
0.2355049283896008816	0.727793797079003268458	0	K5V	0	0	0	0	0	M31 (L343)	1	And K5 L343
1.92309172891015833784	1.16217720037143856793	0	G0V	0	0	0	0	0	M31 (L344)	1	And G0 L344
0.424619563946313005598	0.828437449878389520208	0	K2V	0	0	0	0	0	M31 (L345)	1	And K2 L345
1.21338885046497724218	1.04545635448552332036	0	F7V	0	0	0	0	0	M31 (L346)	1	And F7 L346
0.794328234724281490031	0.95066347257298966511	0	G6V	0	0	0	0	0	M31 (L347)	1	And G6 L347
0.0373250157795720488574	0.397345511263220929621	0	K9V	0	0	0	0	0	M31 (L348)	1	And K9 L348
1.6595869074375604324	1.12347416228835905727	0	G6V	0	0	0	0	0	M31 (L349)	1	And G6 L349
1.14815362149688304783	1.03226198364348142889	0	G4V	0	0	0	0	0	M31 (L350)	1	And G4 L350
0.134276496113786419917	0.643270684024182748395	0	K6V	0	0	0	0	0	M31 (L351)	1	And K6 L351
0.177010895831742121054	0.683536311997970824628	0	K5V	0	0	0	0	0	M31 (L352)	1	And K5 L352
0.751622894018205700561	0.93918952695301927136	0	K0V	0	0	0	0	0	M31 (L353)	1	And K0 L353
2.70395836410884404799	1.25686178048650476491	0	F9V	0	0	0	0	0	M31 (L354)	1	And F9 L354
5.5975760149511026853	1.48564314166281552509	0	F3V	0	0	0	0	0	M31 (L355)	1	And F3 L355
0.0862978547766970194299	0.554241173741408799103	0	K7V	0	0	0	0	0	M31 (L356)	1	And K7 L356
0.0188799134909629247325	0.303136362717786933541	0	M0V	0	0	0	0	0	M31 (L357)	1	And M0 L357
2.31206479017559507483	1.21243629563823773765	0	F8V	0	0	0	0	0	M31 (L358)	1	And F8 L358
0.597035286583837088159	0.892853177097340688917	0	K1V	0	0	0	0	0	M31 (L359)	1	And K1 L359
0.524807460249772539385	0.867910735661445165157	0	K0V	0	0	0	0	0	M31 (L360)	1	And K0 L360
2.53512863049790837522	1.2383751194202796686	0	G1V	0	0	0	0	0	M31 (L361)	1	And G1 L361
0.0373250157795720488574	0.397345511263220929621	0	K9V	0	0	0	0	0	M31 (L362)	1	And K9 L362
0.0794328234724281517787	0.536296006439973216295	0	K7V	0	0	0	0	0	M31 (L363)	1	And K7 L363
4.24619563946312972291	1.394230681844596198	0	F5V	0	0	0	0	0	M31 (L364)	1	And F5 L364
0.0343557947899874593922	0.384480296598711468459	0	K9V	0	0	0	0	0	M31 (L365)	1	And K9 L365
0.369828179780266164123	0.803666392526554473896	0	K3V	0	0	0	0	0	M31 (L366)	1	And K3 L366
1.22461619926504838851	1.04767175498328324323	0	G2V	0	0	0	0	0	M31 (L367)	1	And G2 L367
0.990831944892767824129	0.997978240675509664648	0	G6V	0	0	0	0	0	M31 (L368)	1	And G6 L368
0.0337287308658868953404	0.381678410154546288169	0	K9V	0	0	0	0	0	M31 (L369)	1	And K9 L369
0.0194088587759277918232	0.306480449685962441642	0	M0V	0	0	0	0	0	M31 (L370)	1	And M0 L370
1	1	0	G7V	0	0	0	0	0	M31 (L371)	1	And G7 L371
0.0103752841581801341642	0.239002245926996426117	0	M1V	0	0	0	0	0	M31 (L372)	1	And M1 L372
4.83058802039772672288	1.43616798153124114457	0	F2V	0	0	0	0	0	M31 (L373)	1	And F2 L373
1.03752841581801269477	1.00850328123848465012	0	G7V	0	0	0	0	0	M31 (L374)	1	And G7 L374
1.72186857498600676131	1.13302737905446804234	0	G6V	0	0	0	0	0	M31 (L375)	1	And G6 L375
0.570164272280747286281	0.883863927675594740485	0	K2V	0	0	0	0	0	M31 (L376)	1	And K2 L376
1.58489319246111359796	1.1116458333101379985	0	G3V	0	0	0	0	0	M31 (L377)	1	And G3 L377
0.376703798983908988429	0.806925914190568249751	0	K1V	0	0	0	0	0	M31 (L378)	1	And K1 L378
0.0194088587759277918232	0.306480449685962441642	0	M0V	0	0	0	0	0	M31 (L379)	1	And M0 L379
0.0331131121482591272986	0.37889694235787862997	0	K9V	0	0	0	0	0	M31 (L380)	1	And K9 L380
2.70395836410884404799	1.25686178048650476491	0	G0V	0	0	0	0	0	M31 (L381)	1	And G0 L381
1.81970085860998409544	1.14750973300173386704	0	G1V	0	0	0	0	0	M31 (L382)	1	And G1 L382
1.69044093164326469925	1.12824065940427531451	0	G0V	0	0	0	0	0	M31 (L383)	1	And G0 L383
0.642687717317019902019	0.907426525045446075168	0	K2V	0	0	0	0	0	M31 (L384)	1	And K2 L384
0.69183097091893630548	0.922237742416950667668	0	K1V	0	0	0	0	0	M31 (L385)	1	And K1 L385
2.99226463660818886581	1.28647140651580427217	0	G0V	0	0	0	0	0	M31 (L386)	1	And G0 L386
1.62929603263972277993	1.1187278022722424442	0	G7V	0	0	0	0	0	M31 (L387)	1	And G7 L387
1.61435855682648687903	1.11636214707706993288	0	G0V	0	0	0	0	0	M31 (L388)	1	And G0 L388
1.31825673855640679299	1.06556480287557486797	0	G4V	0	0	0	0	0	M31 (L389)	1	And G4 L389
0.275422870333816571797	0.753269045076390919569	0	K4V	0	0	0	0	0	M31 (L390)	1	And K4 L390
0.549540873857624401211	0.876737734743972652041	0	G9V	0	0	0	0	0	M31 (L391)	1	And G9 L391
1.34276496113786425468	1.07008561139099556137	0	G4V	0	0	0	0	0	M31 (L392)	1	And G4 L392
0.0895364765549593738525	0.562408367671758391282	0	K7V	0	0	0	0	0	M31 (L393)	1	And K7 L393
0.831763771102670856905	0.960332100065883764728	0	G7V	0	0	0	0	0	M31 (L394)	1	And G7 L394
2.31206479017559507483	1.21243629563823773765	0	G0V	0	0	0	0	0	M31 (L395)	1	And G0 L395
0.0208929613085404065898	0.315579476915659684622	0	M0V	0	0	0	0	0	M31 (L396)	1	And M0 L396
0.946237161365793388867	0.987930591685703518579	0	G2V	0	0	0	0	0	M31 (L397)	1	And G2 L397
0.862978547766970138788	0.968137754541902983974	0	G9V	0	0	0	0	0	M31 (L398)	1	And G9 L398
0.141905752168909188304	0.651129430992284152779	0	K6V	0	0	0	0	0	M31 (L399)	1	And K6 L399
0.96382902362397049334	0.991937454727491063622	0	G9V	0	0	0	0	0	M31 (L400)	1	And G9 L400
0.0903649473722301227463	0.564468902046205034395	0	K7V	0	0	0	0	0	M31 (L401)	1	And K7 L401
2.16770410481969433292	1.19460307068873050618	0	G3V	0	0	0	0	0	M31 (L402)	1	And G3 L402
0.744731973905988886564	0.937290711769438122936	0	G4V	0	0	0	0	0	M31 (L403)	1	And G4 L403
1.1587773561551262258	1.03444942427892305759	0	F5V	0	0	0	0	0	M31 (L404)	1	And F5 L404
0.602559586074357889096	0.894661968273965602094	0	K0V	0	0	0	0	0	M31 (L405)	1	And K0 L405
0.824138115013002270359	0.958390539687968168181	0	K0V	0	0	0	0	0	M31 (L406)	1	And K0 L406
0.457088189614875184397	0.841959390013685249343	0	K2V	0	0	0	0	0	M31 (L407)	1	And K2 L407
1.35518941235103618226	1.07235320313306092821	0	G3V	0	0	0	0	0	M31 (L408)	1	And G3 L408
0.660693448007595884874	0.912952649071944843939	0	G9V	0	0	0	0	0	M31 (L409)	1	And G9 L409
1.70608238900312358943	1.13063148605879137953	0	G7V	0	0	0	0	0	M31 (L410)	1	And G7 L410
1.8879913490962940692	1.15726733098534606548	0	G2V	0	0	0	0	0	M31 (L411)	1	And G2 L411
1.09647819614318464687	1.02139396838857199334	0	G2V	0	0	0	0	0	M31 (L412)	1	And G2 L412
0.103752841581801258375	0.596298511401577080449	0	K7V	0	0	0	0	0	M31 (L413)	1	And K7 L413
3.40408189701000907235	1.32516739679624673265	0	F9V	0	0	0	0	0	M31 (L414)	1	And F9 L414
0.373250157795720460818	0.805294504199380423159	0	K3V	0	0	0	0	0	M31 (L415)	1	And K3 L415
0.758577575029183881483	0.941092188861054168569	0	K1V	0	0	0	0	0	M31 (L416)	1	And K1 L416
5.97035286583836821706	1.50782105915694231157	0	F8V	0	0	0	0	0	M31 (L417)	1	And F8 L417
0.0559757601495110210243	0.466714375515159929364	0	K8V	0	0	0	0	0	M31 (L418)	1	And K8 L418
0.00492039535681451124793	0.177727232105154842046	0	M2V	0	0	0	0	0	M31 (L419)	1	And M2 L419
2.91071711806660582411	1.2783275572675107945	0	F9V	0	0	0	0	0	M31 (L420)	1	And F9 L420
0.214783047413053401753	0.713212707859695593804	0	K5V	0	0	0	0	0	M31 (L421)	1	And K5 L421
0.083176377110267082915	0.546192582343542842871	0	K7V	0	0	0	0	0	M31 (L422)	1	And K7 L422
0.0369828179780266191878	0.39589504325422708586	0	K9V	0	0	0	0	0	M31 (L423)	1	And K9 L423
0.0328095293113119315653	0.377513818909853471339	0	K9V	0	0	0	0	0	M31 (L424)	1	And K9 L424
1.21338885046497724218	1.04545635448552332036	0	G9V	0	0	0	0	0	M31 (L425)	1	And G9 L425
2.35504928389600998173	1.21758022711470381694	0	F8V	0	0	0	0	0	M31 (L426)	1	And F8 L426
0.0920449571753171463806	0.568612646420312506379	0	K7V	0	0	0	0	0	M31 (L427)	1	And K7 L427
1.52756605823807256606	1.10227289686652274447	0	G2V	0	0	0	0	0	M31 (L428)	1	And G2 L428
0.928966386779936259543	0.983939914091253364781	0	G8V	0	0	0	0	0	M31 (L429)	1	And G8 L429
0.0337287308658868953404	0.381678410154546288169	0	K9V	0	0	0	0	0	M31 (L430)	1	And K9 L430
0.172186857498600687233	0.679398850498125983499	0	K5V	0	0	0	0	0	M31 (L431)	1	And K5 L431
0.00102801629812647281337	0.0954447384097813072978	0	M4V	0	0	0	0	0	M31 (L432)	1	And M4 L432
0.18365383433483467579	0.689092148643338231473	0	K6V	0	0	0	0	0	M31 (L433)	1	And K6 L433
0.00492039535681451124793	0.177727232105154842046	0	M2V	0	0	0	0	0	M31 (L434)	1	And M2 L434
1.31825673855640679299	1.06556480287557486797	0	G4V	0	0	0	0	0	M31 (L435)	1	And G4 L435
0.000373250157795720438701	0.063832936697333059195	0	M5V	0	0	0	0	0	M31 (L436)	1	And M5 L436
0.212813904598271264046	0.71177076341723521935	0	K5V	0	0	0	0	0	M31 (L437)	1	And K5 L437
0.0181970085860998394278	0.298734270565591486513	0	M0V	0	0	0	0	0	M31 (L438)	1	And M0 L438
0.71121351365332896588	0.92785406506771217483	0	K0V	0	0	0	0	0	M31 (L439)	1	And K0 L439
2.6302679918953826288	1.24890537133945223047	0	F9V	0	0	0	0	0	M31 (L440)	1	And F9 L440
1.48593564228700647512	1.09529509366227362221	0	G6V	0	0	0	0	0	M31 (L441)	1	And G6 L441
2.60615354999889570209	1.24626444342652531461	0	F9V	0	0	0	0	0	M31 (L442)	1	And F9 L442
0.096382902362397049334	0.579105579702406614295	0	K7V	0	0	0	0	0	M31 (L443)	1	And K7 L443
2.29086765276777271083	1.20987248501713140492	0	G0V	0	0	0	0	0	M31 (L444)	1	And G0 L444
0.0199526231496887952732	0.309861427370746123078	0	M0V	0	0	0	0	0	M31 (L445)	1	And M0 L445
2.44343055269397213536	1.22793365421627820311	0	F5V	0	0	0	0	0	M31 (L446)	1	And F5 L446
0.035645113342624448749	0.390145926099895345995	0	K9V	0	0	0	0	0	M31 (L447)	1	And K9 L447
0.346736850452531497613	0.792361405280096797732	0	K2V	0	0	0	0	0	M31 (L448)	1	And K2 L448
4.4463126746910877074	1.40906581969356481387	0	F7V	0	0	0	0	0	M31 (L449)	1	And F7 L449
0.519995996533516025018	0.866156029038796293484	0	K2V	0	0	0	0	0	M31 (L450)	1	And K2 L450
0.00492039535681451124793	0.177727232105154842046	0	M2V	0	0	0	0	0	M31 (L451)	1	And M2 L451
3.73250157795720660658	1.35351798619287211345	0	F4V	0	0	0	0	0	M31 (L452)	1	And F4 L452
11.3762728582343104478	1.74864973712767457492	0	F0V	0	0	0	0	0	M31 (L453)	1	And F0 L453
3.80189396320561279197	1.35926047658035709098	0	G1V	0	0	0	0	0	M31 (L454)	1	And G1 L454
0.316227766016837941176	0.77648672705297394625	0	K3V	0	0	0	0	0	M31 (L455)	1	And K3 L455
0.343557947899874593922	0.79075944122060548569	0	K3V	0	0	0	0	0	M31 (L456)	1	And K3 L456
0.0608135001278717890472	0.482331250244847020703	0	K8V	0	0	0	0	0	M31 (L457)	1	And K8 L457
0.0539510622515127630239	0.459936832658366823168	0	K8V	0	0	0	0	0	M31 (L458)	1	And K8 L458
2.72897778280804059747	1.25952516495220567805	0	F2V	0	0	0	0	0	M31 (L459)	1	And F2 L459
0.0102801629812647281337	0.238129793358719588081	0	M1V	0	0	0	0	0	M31 (L460)	1	And M1 L460
0.625172692775685878708	0.901933850778676937665	0	K0V	0	0	0	0	0	M31 (L461)	1	And K0 L461
0.00214783047413053375732	0.127882686099847681094	0	M3V	0	0	0	0	0	M31 (L462)	1	And M3 L462
0.373250157795720460818	0.805294504199380423159	0	K3V	0	0	0	0	0	M31 (L463)	1	And K3 L463
0.00492039535681451124793	0.177727232105154842046	0	M2V	0	0	0	0	0	M31 (L464)	1	And M2 L464
0.121338885046497715892	0.629108502558614057776	0	K6V	0	0	0	0	0	M31 (L465)	1	And K6 L465
0.143218789927354289704	0.652448524881212743587	0	K6V	0	0	0	0	0	M31 (L466)	1	And K6 L466
0.0999999999999999916733	0.587639170853077486001	0	K7V	0	0	0	0	0	M31 (L467)	1	And K7 L467
6.48634433548238575895	1.53682269257703008059	0	F3V	0	0	0	0	0	M31 (L468)	1	And F3 L468
5.49540873857624578847	1.47936672032398930376	0	F4V	0	0	0	0	0	M31 (L469)	1	And F4 L469
0.428548520397439569596	0.830115744124479415511	0	K2V	0	0	0	0	0	M31 (L470)	1	And K2 L470
0.0100925288607668414004	0.236394430985494952147	0	M1V	0	0	0	0	0	M31 (L471)	1	And M1 L471
0.0685488226452661414401	0.505816056561751214993	0	K8V	0	0	0	0	0	M31 (L472)	1	And K8 L472
0.218776162394955175916	0.716105366174061619411	0	K5V	0	0	0	0	0	M31 (L473)	1	And K5 L473
2.03235701093622278535	1.17703214728301941427	0	G4V	0	0	0	0	0	M31 (L474)	1	And G4 L474
0.0954992586021436024035	0.576991615675185531842	0	K7V	0	0	0	0	0	M31 (L475)	1	And K7 L475
0.0104712854805090009591	0.239877894959995785484	0	M1V	0	0	0	0	0	M31 (L476)	1	And M1 L476
1.20226443461741316909	1.04324563866055530781	0	G7V	0	0	0	0	0	M31 (L477)	1	And G7 L477
1.55596563160507495027	1.10694944463257471945	0	F4V	0	0	0	0	0	M31 (L478)	1	And F4 L478
0.432513831035008622372	0.831797438351553841684	0	K3V	0	0	0	0	0	M31 (L479)	1	And K3 L479
0.0602559586074357805829	0.480570550731735490757	0	K8V	0	0	0	0	0	M31 (L480)	1	And K8 L480
1.8879913490962940692	1.15726733098534606548	0	F8V	0	0	0	0	0	M31 (L481)	1	And F8 L481
0.544502652842421164259	0.87496518205362150411	0	K1V	0	0	0	0	0	M31 (L482)	1	And K1 L482
0.772680585095702143761	0.944909084037898638897	0	G9V	0	0	0	0	0	M31 (L483)	1	And G9 L483
0.487528490103386225041	0.853972014685598801442	0	K1V	0	0	0	0	0	M31 (L484)	1	And K1 L484
0.487528490103386225041	0.853972014685598801442	0	K1V	0	0	0	0	0	M31 (L485)	1	And K1 L485
0.380189396320561256992	0.808560629182032863937	0	K4V	0	0	0	0	0	M31 (L486)	1	And K4 L486
0.00981747943019984671553	0.233815070583166445539	0	M1V	0	0	0	0	0	M31 (L487)	1	And M1 L487
1.05681750921365891216	1.0127819982243955188	0	G3V	0	0	0	0	0	M31 (L488)	1	And G3 L488
0.231206479017559501932	0.724853924152882966858	0	K4V	0	0	0	0	0	M31 (L489)	1	And K4 L489
0.135518941235103607124	0.644573857230360980353	0	K6V	0	0	0	0	0	M31 (L490)	1	And K6 L490
1.92309172891015833784	1.16217720037143856793	0	G4V	0	0	0	0	0	M31 (L491)	1	And G4 L491
1.02801629812647377094	1.00637070616368573539	0	G5V	0	0	0	0	0	M31 (L492)	1	And G5 L492
0.00990831944892767678412	0.234671715003651804032	0	M1V	0	0	0	0	0	M31 (L493)	1	And M1 L493
1.066596121230258154	1.01492815930836810523	0	G7V	0	0	0	0	0	M31 (L494)	1	And G7 L494
0.515228644581756545229	0.864404870010623493926	0	K0V	0	0	0	0	0	M31 (L495)	1	And K0 L495
0.0380189396320560965559	0.400262409290561615993	0	K9V	0	0	0	0	0	M31 (L496)	1	And K9 L496
0.019769696401118610346	0.308730310811272168348	0	M0V	0	0	0	0	0	M31 (L497)	1	And M0 L497
1.64437172321493174643	1.12109847046836375029	0	G1V	0	0	0	0	0	M31 (L498)	1	And G1 L498
2.10862814993329061863	1.18704078265810442083	0	G0V	0	0	0	0	0	M31 (L499)	1	And G0 L499
0.751622894018205700561	0.93918952695301927136	0	G8V	0	0	0	0	0	M31 (L500)	1	And G8 L500
0.288403150312660672139	0.76093009234379038741	0	K3V	0	0	0	0	0	M31 (L501)	1	And K3 L501
1.49968483550237396962	1.09761610618975269382	0	F5V	0	0	0	0	0	M31 (L502)	1	And F5 L502
4.09260659730010565942e-05	0.0265378387971079085506	0	M7V	0	0	0	0	0	M31 (L503)	1	And M7 L503
0.432513831035008622372	0.831797438351553841684	0	K1V	0	0	0	0	0	M31 (L504)	1	And K1 L504
6.72976656284317975576	1.549890728145697949	0	F0V	0	0	0	0	0	M31 (L505)	1	And F0 L505
0.136772882559584890716	0.645879670476645961763	0	K6V	0	0	0	0	0	M31 (L506)	1	And K6 L506
0.0660693448007595857119	0.498470686072108037923	0	K8V	0	0	0	0	0	M31 (L507)	1	And K8 L507
11.6949939101987094858	1.75978987078612103545	0	F1V	0	0	0	0	0	M31 (L508)	1	And F1 L508
4.20726628384444101272	1.39128244988944538285	0	F8V	0	0	0	0	0	M31 (L509)	1	And F8 L509
0.002355049283896008816	0.132646018737255760866	0	M3V	0	0	0	0	0	M31 (L510)	1	And M3 L510
0.000937562006925879974119	0.0920173077046296805648	0	M4V	0	0	0	0	0	M31 (L511)	1	And M4 L511
1.10662378397766669735	1.02355837888382472656	0	F8V	0	0	0	0	0	M31 (L512)	1	And F8 L512
2.08929613085403920181	1.18453067323857141879	0	G2V	0	0	0	0	0	M31 (L513)	1	And G2 L513
4.52897579903620783881	1.41504397957578675893	0	F5V	0	0	0	0	0	M31 (L514)	1	And F5 L514
0.879022516830884614869	0.972064341511352236758	0	G7V	0	0	0	0	0	M31 (L515)	1	And G7 L515
0.203235701093622267432	0.704604652473591830386	0	K5V	0	0	0	0	0	M31 (L516)	1	And K5 L516
1.02801629812647377094	1.00637070616368573539	0	G8V	0	0	0	0	0	M31 (L517)	1	And G8 L517
1.47231250243271882816	1.09297898913416013933	0	G4V	0	0	0	0	0	M31 (L518)	1	And G4 L518
1.34276496113786425468	1.07008561139099556137	0	G3V	0	0	0	0	0	M31 (L519)	1	And G3 L519
0.0192309172891015969786	0.305361675030025592203	0	M0V	0	0	0	0	0	M31 (L520)	1	And M0 L520
0.0787045789695098724215	0.53433831425862865494	0	K7V	0	0	0	0	0	M31 (L521)	1	And K7 L521
1.11686324778056111917	1.02572737592739948731	0	G7V	0	0	0	0	0	M31 (L522)	1	And G7 L522
1.99526231496887951344	1.1720595199551517851	0	G3V	0	0	0	0	0	M31 (L523)	1	And G3 L523
1.00925288607668428575	1.00211907507018804786	0	G8V	0	0	0	0	0	M31 (L524)	1	And G8 L524
0.928966386779936259543	0.983939914091253364781	0	G5V	0	0	0	0	0	M31 (L525)	1	And G5 L525
0.00492039535681451124793	0.177727232105154842046	0	M2V	0	0	0	0	0	M31 (L526)	1	And M2 L526
1.47231250243271882816	1.09297898913416013933	0	G6V	0	0	0	0	0	M31 (L527)	1	And G6 L527
0.265460556197554042868	0.747195779298083007092	0	K4V	0	0	0	0	0	M31 (L528)	1	And K4 L528
0.32809529311311902422	0.782798071947281570715	0	K2V	0	0	0	0	0	M31 (L529)	1	And K2 L529
0.981747943019984803392	0.995960568861785411343	0	G7V	0	0	0	0	0	M31 (L530)	1	And G7 L530
0.0190546071796324593961	0.304246984343333748413	0	M0V	0	0	0	0	0	M31 (L531)	1	And M0 L531
0.293764965196153082783	0.764016283509501681337	0	K4V	0	0	0	0	0	M31 (L532)	1	And K4 L532
0.847227414140596657433	0.964227028750125336742	0	K0V	0	0	0	0	0	M31 (L533)	1	And K0 L533
0.0104712854805090009591	0.239877894959995785484	0	M1V	0	0	0	0	0	M31 (L534)	1	And M1 L534
0.002355049283896008816	0.132646018737255760866	0	M3V	0	0	0	0	0	M31 (L535)	1	And M3 L535
1.45881426027534866208	1.09066778222698568257	0	G8V	0	0	0	0	0	M31 (L536)	1	And G8 L536
0.544502652842421164259	0.87496518205362150411	0	K2V	0	0	0	0	0	M31 (L537)	1	And K2 L537
0.130617088813184151208	0.639376951324965525636	0	K6V	0	0	0	0	0	M31 (L538)	1	And K6 L538
0.0376703798983908655362	0.398801293452023308816	0	K9V	0	0	0	0	0	M31 (L539)	1	And K9 L539
1.77010895831742121054	1.14024556356183515149	0	G2V	0	0	0	0	0	M31 (L540)	1	And G2 L540
0.539510622515127602483	0.873196213038200164114	0	K0V	0	0	0	0	0	M31 (L541)	1	And K0 L541
1.34276496113786425468	1.07008561139099556137	0	F4V	0	0	0	0	0	M31 (L542)	1	And F4 L542
2.6546055619755395405	1.25155189557688162338	0	F9V	0	0	0	0	0	M31 (L543)	1	And F9 L543
1.33045441797809171902	1.06782281468501860644	0	G7V	0	0	0	0	0	M31 (L544)	1	And G7 L544
0.478630092322638422964	0.850522453538314016086	0	K2V	0	0	0	0	0	M31 (L545)	1	And K2 L545
0.0201372424986238779399	0.310996688080069638715	0	M0V	0	0	0	0	0	M31 (L546)	1	And M0 L546
2.16770410481969433292	1.19460307068873050618	0	G7V	0	0	0	0	0	M31 (L547)	1	And G7 L547
1.78648757485205056383	1.14266182950947148278	0	G0V	0	0	0	0	0	M31 (L548)	1	And G0 L548
2.39883291901949080582	1.22274598244379628653	0	G6V	0	0	0	0	0	M31 (L549)	1	And G6 L549
0.157036280433355268649	0.665787336777663552034	0	K5V	0	0	0	0	0	M31 (L550)	1	And K5 L550
2.6302679918953826288	1.24890537133945223047	0	F8V	0	0	0	0	0	M31 (L551)	1	And F8 L551
1.05681750921365891216	1.0127819982243955188	0	K0V	0	0	0	0	0	M31 (L552)	1	And K0 L552
0.212813904598271264046	0.71177076341723521935	0	K4V	0	0	0	0	0	M31 (L553)	1	And K4 L553
0.000373250157795720438701	0.063832936697333059195	0	M5V	0	0	0	0	0	M31 (L554)	1	And M5 L554
0.167494287602643815438	0.67528643315081893217	0	K5V	0	0	0	0	0	M31 (L555)	1	And K5 L555
0.0524807460249772927963	0.454918343649189815814	0	K8V	0	0	0	0	0	M31 (L556)	1	And K8 L556
0.096382902362397049334	0.579105579702406614295	0	K7V	0	0	0	0	0	M31 (L557)	1	And K7 L557
0.244343055269397119167	0.733709362027211375867	0	K4V	0	0	0	0	0	M31 (L558)	1	And K4 L558
1.47231250243271882816	1.09297898913416013933	0	G1V	0	0	0	0	0	M31 (L559)	1	And G1 L559
0.0343557947899874593922	0.384480296598711468459	0	K9V	0	0	0	0	0	M31 (L560)	1	And K9 L560
0.356451133426244182179	0.797186795852815155428	0	K4V	0	0	0	0	0	M31 (L561)	1	And K4 L561
3.1332857243155860516	1.30015994522244704434	0	G2V	0	0	0	0	0	M31 (L562)	1	And G2 L562
6.02559586074357866892	1.51101624517370636269	0	F2V	0	0	0	0	0	M31 (L563)	1	And F2 L563
0.887156012037961017036	0.974033603030646344401	0	G5V	0	0	0	0	0	M31 (L564)	1	And G5 L564
0.765596606911256305494	0.942998705286449356855	0	K0V	0	0	0	0	0	M31 (L565)	1	And K0 L565
1.0764652136298349383	1.01707886826879012609	0	G7V	0	0	0	0	0	M31 (L566)	1	And G7 L566
1.92309172891015833784	1.16217720037143856793	0	G2V	0	0	0	0	0	M31 (L567)	1	And G2 L567
0.448745389933132121651	0.838558353036551573645	0	K3V	0	0	0	0	0	M31 (L568)	1	And K3 L568
0.100925288607668417473	0.589792145063483985723	0	K7V	0	0	0	0	0	M31 (L569)	1	And K7 L569
0.549540873857624401211	0.876737734743972652041	0	K0V	0	0	0	0	0	M31 (L570)	1	And K0 L570
0.0737904230129100835445	0.5208331125488113722	0	K7V	0	0	0	0	0	M31 (L571)	1	And K7 L571
0.990831944892767824129	0.997978240675509664648	0	G9V	0	0	0	0	0	M31 (L572)	1	And G9 L572
0.549540873857624401211	0.876737734743972652041	0	K1V	0	0	0	0	0	M31 (L573)	1	And K1 L573
0.337287308658868967282	0.787565222910901807651	0	K3V	0	0	0	0	0	M31 (L574)	1	And K3 L574
4.05508535448383877764	1.37955173351631699141	0	F2V	0	0	0	0	0	M31 (L575)	1	And F2 L575
0.120226443461741314134	0.627836596577449945755	0	K6V	0	0	0	0	0	M31 (L576)	1	And K6 L576
0.387257644921617127931	0.811840000961163488213	0	K3V	0	0	0	0	0	M31 (L577)	1	And K3 L577
0.000135518941235103609943	0.0426911307558065986067	0	M6V	0	0	0	0	0	M31 (L578)	1	And M6 L578
0.207014134879104222398	0.707462398113648083253	0	K5V	0	0	0	0	0	M31 (L579)	1	And K5 L579
0.340408189701000896132	0.78916071594688896873	0	K3V	0	0	0	0	0	M31 (L580)	1	And K3 L580
0.383707245492278747889	0.810198655869226014303	0	K3V	0	0	0	0	0	M31 (L581)	1	And K3 L581
1.08642562361706529472	1.01923413474295365688	0	G6V	0	0	0	0	0	M31 (L582)	1	And G6 L582
0.0101859138805411655881	0.237260525586807241583	0	M1V	0	0	0	0	0	M31 (L583)	1	And M1 L583
1.2589254117941672817	1.05434616389027469019	0	G8V	0	0	0	0	0	M31 (L584)	1	And G8 L584
0.0544502652842421136503	0.461621934993685978377	0	K8V	0	0	0	0	0	M31 (L585)	1	And K8 L585
0.96382902362397049334	0.991937454727491063622	0	G8V	0	0	0	0	0	M31 (L586)	1	And G8 L586
1.29419584144998633946	1.06106309349522898167	0	G8V	0	0	0	0	0	M31 (L587)	1	And G8 L587
0.131825673855640673748	0.640672236392834770768	0	K6V	0	0	0	0	0	M31 (L588)	1	And K6 L588
1.04712854805089938814	1.01064037539995998927	0	G9V	0	0	0	0	0	M31 (L589)	1	And G9 L589
0.036307805477010145212	0.393009972251059491732	0	K9V	0	0	0	0	0	M31 (L590)	1	And K9 L590
0.69183097091893630548	0.922237742416950667668	0	K0V	0	0	0	0	0	M31 (L591)	1	And K0 L591
0.0181970085860998394278	0.298734270565591486513	0	M0V	0	0	0	0	0	M31 (L592)	1	And M0 L592
0.127057410520854147107	0.635506787482078006057	0	K6V	0	0	0	0	0	M31 (L593)	1	And K6 L593
1.04712854805089938814	1.01064037539995998927	0	G7V	0	0	0	0	0	M31 (L594)	1	And G7 L594
0.744731973905988886564	0.937290711769438122936	0	G9V	0	0	0	0	0	M31 (L595)	1	And G9 L595
0.744731973905988886564	0.937290711769438122936	0	G8V	0	0	0	0	0	M31 (L596)	1	And G8 L596
1.97696964011186127053	1.16958108982513997454	0	G5V	0	0	0	0	0	M31 (L597)	1	And G5 L597
0.147231250243271882816	0.656421861972300457744	0	K6V	0	0	0	0	0	M31 (L598)	1	And K6 L598
1.59955802861466844789	1.11400149428238370852	0	G6V	0	0	0	0	0	M31 (L599)	1	And G6 L599
4.09260659730010978308	1.38247510720284605412	0	F6V	0	0	0	0	0	M31 (L600)	1	And F6 L600
1.29419584144998633946	1.06106309349522898167	0	G8V	0	0	0	0	0	M31 (L601)	1	And G8 L601
0.0554625712957910882439	0.465010683761174381523	0	K8V	0	0	0	0	0	M31 (L602)	1	And K8 L602
1.0764652136298349383	1.01707886826879012609	0	G3V	0	0	0	0	0	M31 (L603)	1	And G3 L603
0.127057410520854147107	0.635506787482078006057	0	K6V	0	0	0	0	0	M31 (L604)	1	And K6 L604
0.816582371358592573607	0.956452904677850712645	0	G6V	0	0	0	0	0	M31 (L605)	1	And G6 L605
3.34195040026114265075	1.31956894001108682168	0	F9V	0	0	0	0	0	M31 (L606)	1	And F9 L606
1.45881426027534866208	1.09066778222698568257	0	G0V	0	0	0	0	0	M31 (L607)	1	And G0 L607
0.0879022516830884614869	0.558309836757678201735	0	K7V	0	0	0	0	0	M31 (L608)	1	And K7 L608
0.954992586021436107302	0.989931995929084540542	0	G2V	0	0	0	0	0	M31 (L609)	1	And G2 L609
0.181970085860998387339	0.687698970166385370462	0	K5V	0	0	0	0	0	M31 (L610)	1	And K5 L610
0.143218789927354289704	0.652448524881212743587	0	K6V	0	0	0	0	0	M31 (L611)	1	And K6 L611
0.49659232145033616046	0.857435566612385735574	0	K2V	0	0	0	0	0	M31 (L612)	1	And K2 L612
0.000937562006925879974119	0.0920173077046296805648	0	M4V	0	0	0	0	0	M31 (L613)	1	And M4 L613
0.111686324778056123019	0.614001880075926154134	0	K6V	0	0	0	0	0	M31 (L614)	1	And K6 L614
0.135518941235103607124	0.644573857230360980353	0	K6V	0	0	0	0	0	M31 (L615)	1	And K6 L615
1.2823305826560220666	1.05881937575224038817	0	G8V	0	0	0	0	0	M31 (L616)	1	And G8 L616
0.625172692775685878708	0.901933850778676937665	0	K2V	0	0	0	0	0	M31 (L617)	1	And K2 L617
0.322106879128343570606	0.779636013040523434547	0	K2V	0	0	0	0	0	M31 (L618)	1	And K2 L618
1.49968483550237396962	1.09761610618975269382	0	G0V	0	0	0	0	0	M31 (L619)	1	And G0 L619
0.000373250157795720438701	0.063832936697333059195	0	M5V	0	0	0	0	0	M31 (L620)	1	And M5 L620
0.000340408189701000890495	0.0615406891530303201687	0	M5V	0	0	0	0	0	M31 (L621)	1	And M5 L621
4.87528490103386413779	1.43921132929750639207	0	F3V	0	0	0	0	0	M31 (L622)	1	And F3 L622
0.0100925288607668414004	0.236394430985494952147	0	M1V	0	0	0	0	0	M31 (L623)	1	And M1 L623
0.0887156012037960961525	0.560355355061385784765	0	K7V	0	0	0	0	0	M31 (L624)	1	And K7 L624
0.106659612123025812624	0.602876653539466400566	0	K7V	0	0	0	0	0	M31 (L625)	1	And K7 L625
0.58076441752131213736	0.887448715651164676821	0	K1V	0	0	0	0	0	M31 (L626)	1	And K1 L626
1.27057410520854130453	1.05658040256152285785	0	G6V	0	0	0	0	0	M31 (L627)	1	And G6 L627
0.0195884467350599042468	0.307603323273864581733	0	M0V	0	0	0	0	0	M31 (L628)	1	And M0 L628
0.0515228644581756170528	0.451603142450197780899	0	K8V	0	0	0	0	0	M31 (L629)	1	And K8 L629
0.036307805477010145212	0.393009972251059491732	0	K9V	0	0	0	0	0	M31 (L630)	1	And K9 L630
3.46736850452531664146	1.33078960582157024284	0	F5V	0	0	0	0	0	M31 (L631)	1	And F5 L631
0.00492039535681451124793	0.177727232105154842046	0	M2V	0	0	0	0	0	M31 (L632)	1	And M2 L632
0.0809095899178382677031	0.540232934677270515422	0	K7V	0	0	0	0	0	M31 (L633)	1	And K7 L633
0.203235701093622267432	0.704604652473591830386	0	K5V	0	0	0	0	0	M31 (L634)	1	And K5 L634
0.157036280433355268649	0.665787336777663552034	0	K6V	0	0	0	0	0	M31 (L635)	1	And K6 L635
0.334195040026114387199	0.785972955577837417707	0	K3V	0	0	0	0	0	M31 (L636)	1	And K3 L636
0.0597035286583837074281	0.478816278467063538571	0	K8V	0	0	0	0	0	M31 (L637)	1	And K8 L637
0.363078054770101465998	0.800420037475846113395	0	K3V	0	0	0	0	0	M31 (L638)	1	And K3 L638
0.000937562006925879974119	0.0920173077046296805648	0	M4V	0	0	0	0	0	M31 (L639)	1	And M4 L639
0.359749335155742200332	0.798801780801570271429	0	K2V	0	0	0	0	0	M31 (L640)	1	And K2 L640
0.0359749335155742505643	0.391575330671358579071	0	K9V	0	0	0	0	0	M31 (L641)	1	And K9 L641
0.570164272280747286281	0.883863927675594740485	0	K0V	0	0	0	0	0	M31 (L642)	1	And K0 L642
0.0178648757485205186835	0.29655725522693832108	0	M0V	0	0	0	0	0	M31 (L643)	1	And M0 L643
2.10862814993329061863	1.18704078265810442083	0	G6V	0	0	0	0	0	M31 (L644)	1	And G6 L644
2.85759054337494733389	1.27292698553299388209	0	A9V	0	0	0	0	0	M31 (L645)	1	And A9 L645
0.272897778280804026441	0.751746116360657690159	0	K4V	0	0	0	0	0	M31 (L646)	1	And K4 L646
0.00492039535681451124793	0.177727232105154842046	0	M2V	0	0	0	0	0	M31 (L647)	1	And M2 L647
1.51356124843620842846	1.09994203711701632464	0	G6V	0	0	0	0	0	M31 (L648)	1	And G6 L648
2.33345806228100238755	1.21500553916651576891	0	G3V	0	0	0	0	0	M31 (L649)	1	And G3 L649
0.549540873857624401211	0.876737734743972652041	0	G9V	0	0	0	0	0	M31 (L650)	1	And G9 L650
0.165958690743756021035	0.673921166507894353614	0	K5V	0	0	0	0	0	M31 (L651)	1	And K5 L651
0.116949939101987088197	0.624036286775414894556	0	K6V	0	0	0	0	0	M31 (L652)	1	And K6 L652
1.1587773561551262258	1.03444942427892305759	0	G3V	0	0	0	0	0	M31 (L653)	1	And G3 L653
0.0192309172891015969786	0.305361675030025592203	0	M0V	0	0	0	0	0	M31 (L654)	1	And M0 L654
0.529663443891658092255	0.869668997065482618503	0	K0V	0	0	0	0	0	M31 (L655)	1	And K0 L655
0.416869383470335308495	0.825091033847287547154	0	K3V	0	0	0	0	0	M31 (L656)	1	And K3 L656
0.00492039535681451124793	0.177727232105154842046	0	M2V	0	0	0	0	0	M31 (L657)	1	And M2 L657
2.96483138952434277513	1.2837510416870374641	0	F1V	0	0	0	0	0	M31 (L658)	1	And F1 L658
0.000373250157795720438701	0.063832936697333059195	0	M5V	0	0	0	0	0	M31 (L659)	1	And M5 L659
0.0187068214036580013349	0.3020297952997051949	0	M0V	0	0	0	0	0	M31 (L660)	1	And M0 L660
0.00981747943019984671553	0.233815070583166445539	0	M1V	0	0	0	0	0	M31 (L661)	1	And M1 L661
0.0346736850452531511491	0.385888943612124057925	0	K9V	0	0	0	0	0	M31 (L662)	1	And K9 L662
0.0192309172891015969786	0.305361675030025592203	0	M0V	0	0	0	0	0	M31 (L663)	1	And M0 L663
1.066596121230258154	1.01492815930836810523	0	G7V	0	0	0	0	0	M31 (L664)	1	And G7 L664
0.666806769213622363424	0.914802158866697689987	0	G9V	0	0	0	0	0	M31 (L665)	1	And G9 L665
0.469894108605215299335	0.847086826655740532388	0	K2V	0	0	0	0	0	M31 (L666)	1	And K2 L666
0.035645113342624448749	0.390145926099895345995	0	K9V	0	0	0	0	0	M31 (L667)	1	And K9 L667
1.08642562361706529472	1.01923413474295365688	0	G3V	0	0	0	0	0	M31 (L668)	1	And G3 L668
0.0366437574647833289032	0.394449870026186977245	0	K9V	0	0	0	0	0	M31 (L669)	1	And K9 L669
2.26986485188382225431	1.20731409581480364501	0	G2V	0	0	0	0	0	M31 (L670)	1	And G2 L670
0.510504999975406437152	0.862657251404544633822	0	K2V	0	0	0	0	0	M31 (L671)	1	And K2 L671
0.724435960074990337176	0.931617268872494297405	0	K1V	0	0	0	0	0	M31 (L672)	1	And K1 L672
0.0100925288607668414004	0.236394430985494952147	0	M1V	0	0	0	0	0	M31 (L673)	1	And M1 L673
1.64437172321493174643	1.12109847046836375029	0	G3V	0	0	0	0	0	M31 (L674)	1	And G3 L674
2.10862814993329061863	1.18704078265810442083	0	F7V	0	0	0	0	0	M31 (L675)	1	And F7 L675
0.218776162394955175916	0.716105366174061619411	0	K5V	0	0	0	0	0	M31 (L676)	1	And K5 L676
0.501187233627272243908	0.859172606841614450168	0	K0V	0	0	0	0	0	M31 (L677)	1	And K0 L677
0.630957344480193249581	0.903761038084535450743	0	K1V	0	0	0	0	0	M31 (L678)	1	And K1 L678
2.20800473301889965683	1.1996713422006488603	0	G0V	0	0	0	0	0	M31 (L679)	1	And G0 L679
0.847227414140596657433	0.964227028750125336742	0	G9V	0	0	0	0	0	M31 (L680)	1	And G9 L680
0.307609681474070750795	0.771786634487398925941	0	K4V	0	0	0	0	0	M31 (L681)	1	And K4 L681
0.337287308658868967282	0.787565222910901807651	0	K3V	0	0	0	0	0	M31 (L682)	1	And K3 L682
1.49968483550237396962	1.09761610618975269382	0	G0V	0	0	0	0	0	M31 (L683)	1	And G0 L683
0.0591561634175473763375	0.477068409988836372726	0	K8V	0	0	0	0	0	M31 (L684)	1	And K8 L684
0.0185353162341481136899	0.300927267289630429037	0	M0V	0	0	0	0	0	M31 (L685)	1	And M0 L685
0.751622894018205700561	0.93918952695301927136	0	G8V	0	0	0	0	0	M31 (L686)	1	And G8 L686
6.02559586074357866892	1.51101624517370636269	0	F0V	0	0	0	0	0	M31 (L687)	1	And F0 L687
0.319153785510076060117	0.778059776661450097635	0	K4V	0	0	0	0	0	M31 (L688)	1	And K4 L688
0.0879022516830884614869	0.558309836757678201735	0	K7V	0	0	0	0	0	M31 (L689)	1	And K7 L689
1.33045441797809171902	1.06782281468501860644	0	G8V	0	0	0	0	0	M31 (L690)	1	And G8 L690
0.000373250157795720438701	0.063832936697333059195	0	M5V	0	0	0	0	0	M31 (L691)	1	And M5 L691
1.066596121230258154	1.01492815930836810523	0	G9V	0	0	0	0	0	M31 (L692)	1	And G9 L692
0.444631267469108748536	0.836862989867170670166	0	K2V	0	0	0	0	0	M31 (L693)	1	And K2 L693
0.0539510622515127630239	0.459936832658366823168	0	K8V	0	0	0	0	0	M31 (L694)	1	And K8 L694
0.724435960074990337176	0.931617268872494297405	0	K1V	0	0	0	0	0	M31 (L695)	1	And K1 L695
2.58226019063459677483	1.24362910000414617073	0	F5V	0	0	0	0	0	M31 (L696)	1	And F5 L696
0.00492039535681451124793	0.177727232105154842046	0	M2V	0	0	0	0	0	M31 (L697)	1	And M2 L697
1.04712854805089938814	1.01064037539995998927	0	G5V	0	0	0	0	0	M31 (L698)	1	And G5 L698
2.93764965196153049476	1.2810364293256506496	0	G0V	0	0	0	0	0	M31 (L699)	1	And G0 L699
1.14815362149688304783	1.03226198364348142889	0	G2V	0	0	0	0	0	M31 (L700)	1	And G2 L700
0.772680585095702143761	0.944909084037898638897	0	G8V	0	0	0	0	0	M31 (L701)	1	And G8 L701
0.334195040026114387199	0.785972955577837417707	0	K3V	0	0	0	0	0	M31 (L702)	1	And K3 L702
0.903649473722301199707	0.977984102466829763323	0	G5V	0	0	0	0	0	M31 (L703)	1	And G5 L703
0.180301774085956850735	0.686308608361009042653	0	K5V	0	0	0	0	0	M31 (L704)	1	And K5 L704
0.237684028662487750738	0.729268201866180798554	0	K4V	0	0	0	0	0	M31 (L705)	1	And K4 L705
0.660693448007595884874	0.912952649071944843939	0	G8V	0	0	0	0	0	M31 (L706)	1	And G8 L706
0.172186857498600687233	0.679398850498125983499	0	K5V	0	0	0	0	0	M31 (L707)	1	And K5 L707
1.6595869074375604324	1.12347416228835905727	0	G4V	0	0	0	0	0	M31 (L708)	1	And G4 L708
3.16227766016837952279	1.30291508174962489264	0	G3V	0	0	0	0	0	M31 (L709)	1	And G3 L709
2.05116217882556606256	1.17952636676313660224	0	G3V	0	0	0	0	0	M31 (L710)	1	And G3 L710
0.270395836410884382595	0.750226266640256156393	0	K3V	0	0	0	0	0	M31 (L711)	1	And K3 L711
0.0183653834334834668851	0.299828763942128317943	0	M0V	0	0	0	0	0	M31 (L712)	1	And M0 L712
1.18032063565172928854	1.03883822142521720089	0	G0V	0	0	0	0	0	M31 (L713)	1	And G0 L713
0.751622894018205700561	0.93918952695301927136	0	G9V	0	0	0	0	0	M31 (L714)	1	And G9 L714
0.130617088813184151208	0.639376951324965525636	0	K6V	0	0	0	0	0	M31 (L715)	1	And K6 L715
0.233345806228100249857	0.72632237318345260757	0	K4V	0	0	0	0	0	M31 (L716)	1	And K4 L716
6.4268771731701965777	1.53357293639919145534	0	A8V	0	0	0	0	0	M31 (L717)	1	And A8 L717
1.64437172321493174643	1.12109847046836375029	0	G6V	0	0	0	0	0	M31 (L718)	1	And G6 L718
0.0181970085860998394278	0.298734270565591486513	0	M0V	0	0	0	0	0	M31 (L719)	1	And M0 L719
0.214783047413053401753	0.713212707859695593804	0	K4V	0	0	0	0	0	M31 (L720)	1	And K4 L720
0.0199526231496887952732	0.309861427370746123078	0	M0V	0	0	0	0	0	M31 (L721)	1	And M0 L721
0.343557947899874593922	0.79075944122060548569	0	K3V	0	0	0	0	0	M31 (L722)	1	And K3 L722
0.642687717317019902019	0.907426525045446075168	0	K0V	0	0	0	0	0	M31 (L723)	1	And K0 L723
4.57088189614874984557	1.41804256399612538253	0	F4V	0	0	0	0	0	M31 (L724)	1	And F4 L724
1.81970085860998409544	1.14750973300173386704	0	G6V	0	0	0	0	0	M31 (L725)	1	And G6 L725
2.08929613085403920181	1.18453067323857141879	0	G3V	0	0	0	0	0	M31 (L726)	1	And G3 L726
1.44543977074592788767	1.088361462584270134	0	G6V	0	0	0	0	0	M31 (L727)	1	And G6 L727
0.436515832240165824185	0.833482539447481740602	0	K2V	0	0	0	0	0	M31 (L728)	1	And K2 L728
0.0343557947899874593922	0.384480296598711468459	0	K9V	0	0	0	0	0	M31 (L729)	1	And K9 L729
0.625172692775685878708	0.901933850778676937665	0	K2V	0	0	0	0	0	M31 (L730)	1	And K2 L730
0.457088189614875184397	0.841959390013685249343	0	K3V	0	0	0	0	0	M31 (L731)	1	And K3 L731
1.05681750921365891216	1.0127819982243955188	0	G2V	0	0	0	0	0	M31 (L732)	1	And G2 L732
3.31131121482591161964	1.31677858733371055955	0	G1V	0	0	0	0	0	M31 (L733)	1	And G1 L733
0.340408189701000896132	0.78916071594688896873	0	K3V	0	0	0	0	0	M31 (L734)	1	And K3 L734
0.0334195040026114414955	0.380285133250793661031	0	K9V	0	0	0	0	0	M31 (L735)	1	And K9 L735
1.27057410520854130453	1.05658040256152285785	0	G8V	0	0	0	0	0	M31 (L736)	1	And G8 L736
0.000937562006925879974119	0.0920173077046296805648	0	M4V	0	0	0	0	0	M31 (L737)	1	And M4 L737
0.122461619926504838851	0.630382985237017079427	0	K6V	0	0	0	0	0	M31 (L738)	1	And K6 L738
0.383707245492278747889	0.810198655869226014303	0	K2V	0	0	0	0	0	M31 (L739)	1	And K2 L739
0.380189396320561256992	0.808560629182032863937	0	K3V	0	0	0	0	0	M31 (L740)	1	And K3 L740
0.954992586021436107302	0.989931995929084540542	0	G7V	0	0	0	0	0	M31 (L741)	1	And G7 L741
0.00102801629812647281337	0.0954447384097813072978	0	M4V	0	0	0	0	0	M31 (L742)	1	And M4 L742
6.48634433548238575895	1.53682269257703008059	0	F5V	0	0	0	0	0	M31 (L743)	1	And F5 L743
0.291071711806660582411	0.762471626464253815492	0	K3V	0	0	0	0	0	M31 (L744)	1	And K3 L744
0.0199526231496887952732	0.309861427370746123078	0	M0V	0	0	0	0	0	M31 (L745)	1	And M0 L745
0.340408189701000896132	0.78916071594688896873	0	K3V	0	0	0	0	0	M31 (L746)	1	And K3 L746
0.0602559586074357805829	0.480570550731735490757	0	K8V	0	0	0	0	0	M31 (L747)	1	And K8 L747
1.83653834334834664688	1.14994139226973590695	0	G5V	0	0	0	0	0	M31 (L748)	1	And G5 L748
0.0751622894018205700561	0.524656528280217360205	0	K7V	0	0	0	0	0	M31 (L749)	1	And K7 L749
0.416869383470335308495	0.825091033847287547154	0	K2V	0	0	0	0	0	M31 (L750)	1	And K2 L750
0.0887156012037960961525	0.560355355061385784765	0	K7V	0	0	0	0	0	M31 (L751)	1	And K7 L751
0.0824138115013002270359	0.544198763752462122412	0	K7V	0	0	0	0	0	M31 (L752)	1	And K7 L752
0.928966386779936259543	0.983939914091253364781	0	G8V	0	0	0	0	0	M31 (L753)	1	And G8 L753
3.43557947899874571718	1.32797552599062362866	0	F8V	0	0	0	0	0	M31 (L754)	1	And F8 L754
0.0999999999999999916733	0.587639170853077486001	0	K7V	0	0	0	0	0	M31 (L755)	1	And K7 L755
1.92309172891015833784	1.16217720037143856793	0	G4V	0	0	0	0	0	M31 (L756)	1	And G4 L756
0.310455958812835663974	0.773350162389305761934	0	K3V	0	0	0	0	0	M31 (L757)	1	And K3 L757
0.0101859138805411655881	0.237260525586807241583	0	M1V	0	0	0	0	0	M31 (L758)	1	And M1 L758
0.164437172321493157989	0.672558660105535555118	0	K5V	0	0	0	0	0	M31 (L759)	1	And K5 L759
1.70608238900312358943	1.13063148605879137953	0	G4V	0	0	0	0	0	M31 (L760)	1	And G4 L760
0.002355049283896008816	0.132646018737255760866	0	M3V	0	0	0	0	0	M31 (L761)	1	And M3 L761
6.60693448007596195737	1.54334287895757160669	0	F1V	0	0	0	0	0	M31 (L762)	1	And F1 L762
0.265460556197554042868	0.747195779298083007092	0	K4V	0	0	0	0	0	M31 (L763)	1	And K4 L763
1.0764652136298349383	1.01707886826879012609	0	F9V	0	0	0	0	0	M31 (L764)	1	And F9 L764
1.81970085860998409544	1.14750973300173386704	0	G2V	0	0	0	0	0	M31 (L765)	1	And G2 L765
0.751622894018205700561	0.93918952695301927136	0	K1V	0	0	0	0	0	M31 (L766)	1	And K1 L766
1.31825673855640679299	1.06556480287557486797	0	G7V	0	0	0	0	0	M31 (L767)	1	And G7 L767
1.51356124843620842846	1.09994203711701632464	0	G1V	0	0	0	0	0	M31 (L768)	1	And G1 L768
3.56451133426244215485	1.33926767536594648611	0	G3V	0	0	0	0	0	M31 (L769)	1	And G3 L769
0.00102801629812647281337	0.0954447384097813072978	0	M4V	0	0	0	0	0	M31 (L770)	1	And M4 L770
0.575439937337157148001	0.885654507935289991849	0	K1V	0	0	0	0	0	M31 (L771)	1	And K1 L771
4.48745389933132088345	1.41205173594433142092	0	F3V	0	0	0	0	0	M31 (L772)	1	And F3 L772
0.002355049283896008816	0.132646018737255760866	0	M3V	0	0	0	0	0	M31 (L773)	1	And M3 L773
0.16904409316432644772	0.676654465626156720326	0	K6V	0	0	0	0	0	M31 (L774)	1	And K6 L774
0.248885731828239142871	0.73668515096508013773	0	K5V	0	0	0	0	0	M31 (L775)	1	And K5 L775
1.72186857498600676131	1.13302737905446804234	0	G2V	0	0	0	0	0	M31 (L776)	1	And G2 L776
1.12719745617551025951	1.02790096923853657707	0	G7V	0	0	0	0	0	M31 (L777)	1	And G7 L777
0.288403150312660672139	0.76093009234379038741	0	K4V	0	0	0	0	0	M31 (L778)	1	And K4 L778
0.549540873857624401211	0.876737734743972652041	0	K0V	0	0	0	0	0	M31 (L779)	1	And K0 L779
0.444631267469108748536	0.836862989867170670166	0	K3V	0	0	0	0	0	M31 (L780)	1	And K3 L780
1.34276496113786425468	1.07008561139099556137	0	G6V	0	0	0	0	0	M31 (L781)	1	And G6 L781
4.69894108605215521379	1.42707649649894441346	0	F7V	0	0	0	0	0	M31 (L782)	1	And F7 L782
0.00492039535681451124793	0.177727232105154842046	0	M2V	0	0	0	0	0	M31 (L783)	1	And M2 L783
2.08929613085403920181	1.18453067323857141879	0	G3V	0	0	0	0	0	M31 (L784)	1	And G3 L784
0.258226019063459655278	0.742672985533614271603	0	K4V	0	0	0	0	0	M31 (L785)	1	And K4 L785
0.544502652842421164259	0.87496518205362150411	0	K1V	0	0	0	0	0	M31 (L786)	1	And K1 L786
1.51356124843620842846	1.09994203711701632464	0	G6V	0	0	0	0	0	M31 (L787)	1	And G6 L787
0.564936974812302428184	0.882076967538235945376	0	K2V	0	0	0	0	0	M31 (L788)	1	And K2 L788
0.244343055269397119167	0.733709362027211375867	0	K5V	0	0	0	0	0	M31 (L789)	1	And K5 L789
0.226986485188382131062	0.721925926641002635442	0	K5V	0	0	0	0	0	M31 (L790)	1	And K5 L790
0.020323570109362209396	0.312136108122450739444	0	M0V	0	0	0	0	0	M31 (L791)	1	And M0 L791
1.77010895831742121054	1.14024556356183515149	0	F7V	0	0	0	0	0	M31 (L792)	1	And F7 L792
0.448745389933132121651	0.838558353036551573645	0	K3V	0	0	0	0	0	M31 (L793)	1	And K3 L793
3.59749335155742366865	1.34210568410912323145	0	F1V	0	0	0	0	0	M31 (L794)	1	And F1 L794
2.85759054337494733389	1.27292698553299388209	0	G3V	0	0	0	0	0	M31 (L795)	1	And G3 L795
0.019769696401118610346	0.308730310811272168348	0	M0V	0	0	0	0	0	M31 (L796)	1	And M0 L796
0.15995580286146685034	0.668487646592822337688	0	K6V	0	0	0	0	0	M31 (L797)	1	And K6 L797
2.05116217882556606256	1.17952636676313660224	0	G1V	0	0	0	0	0	M31 (L798)	1	And G1 L798
0.92044957175317143605	0.981950624395201088213	0	G8V	0	0	0	0	0	M31 (L799)	1	And G8 L799
1.94088587759277775291	1.16463994110388657788	0	G3V	0	0	0	0	0	M31 (L800)	1	And G3 L800
0.67920363261718463832	0.918512426563394934753	0	G6V	0	0	0	0	0	M31 (L801)	1	And G6 L801
0.0319153785510076087872	0.373394668590751044324	0	K9V	0	0	0	0	0	M31 (L802)	1	And K9 L802
0.855066712884683388651	0.966180413009266825242	0	K0V	0	0	0	0	0	M31 (L803)	1	And K0 L803
2.39883291901949080582	1.22274598244379628653	0	G0V	0	0	0	0	0	M31 (L804)	1	And G0 L804
0.141905752168909188304	0.651129430992284152779	0	K6V	0	0	0	0	0	M31 (L805)	1	And K6 L805
1.34276496113786425468	1.07008561139099556137	0	G3V	0	0	0	0	0	M31 (L806)	1	And G3 L806
0.0608135001278717890472	0.482331250244847020703	0	K8V	0	0	0	0	0	M31 (L807)	1	And K8 L807
1.38038426460288432551	1.07690281239115526191	0	G8V	0	0	0	0	0	M31 (L808)	1	And G8 L808
1.77010895831742121054	1.14024556356183515149	0	G3V	0	0	0	0	0	M31 (L809)	1	And G3 L809
0.870963589956080364018	0.970099061364896875226	0	K0V	0	0	0	0	0	M31 (L810)	1	And K0 L810
0.765596606911256305494	0.942998705286449356855	0	G7V	0	0	0	0	0	M31 (L811)	1	And G7 L811
0.0887156012037960961525	0.560355355061385784765	0	K7V	0	0	0	0	0	M31 (L812)	1	And K7 L812
0.00492039535681451124793	0.177727232105154842046	0	M2V	0	0	0	0	0	M31 (L813)	1	And M2 L813
2.29086765276777271083	1.20987248501713140492	0	G3V	0	0	0	0	0	M31 (L814)	1	And G3 L814
0.0597035286583837074281	0.478816278467063538571	0	K8V	0	0	0	0	0	M31 (L815)	1	And K8 L815
0.118032063565172928854	0.625300493879524244001	0	K6V	0	0	0	0	0	M31 (L816)	1	And K6 L816
0.0313328572431558621814	0.370673568265186270665	0	K9V	0	0	0	0	0	M31 (L817)	1	And K9 L817
0.78704578969509875197	0.948741459832862843449	0	G9V	0	0	0	0	0	M31 (L818)	1	And G9 L818
0.164437172321493157989	0.672558660105535555118	0	K5V	0	0	0	0	0	M31 (L819)	1	And K5 L819
0.00492039535681451124793	0.177727232105154842046	0	M2V	0	0	0	0	0	M31 (L820)	1	And M2 L820
0.912010839355909985748	0.979965356564140965823	0	G6V	0	0	0	0	0	M31 (L821)	1	And G6 L821
0.67920363261718463832	0.918512426563394934753	0	G9V	0	0	0	0	0	M31 (L822)	1	And G9 L822
0.322106879128343570606	0.779636013040523434547	0	K4V	0	0	0	0	0	M31 (L823)	1	And K4 L823
0.0570164272280747341792	0.470140507691521325473	0	K8V	0	0	0	0	0	M31 (L824)	1	And K8 L824
0.416869383470335308495	0.825091033847287547154	0	K2V	0	0	0	0	0	M31 (L825)	1	And K2 L825
1.34276496113786425468	1.07008561139099556137	0	G3V	0	0	0	0	0	M31 (L826)	1	And G3 L826
1.11686324778056111917	1.02572737592739948731	0	G6V	0	0	0	0	0	M31 (L827)	1	And G6 L827
0.00990831944892767678412	0.234671715003651804032	0	M1V	0	0	0	0	0	M31 (L828)	1	And M1 L828
0.002355049283896008816	0.132646018737255760866	0	M3V	0	0	0	0	0	M31 (L829)	1	And M3 L829
1.16949939101987099299	1.03664150026528290027	0	G8V	0	0	0	0	0	M31 (L830)	1	And G8 L830
0.356451133426244182179	0.797186795852815155428	0	K3V	0	0	0	0	0	M31 (L831)	1	And K3 L831
0.349945167028357373429	0.79396661468667384387	0	K3V	0	0	0	0	0	M31 (L832)	1	And K3 L832
0.946237161365793388867	0.987930591685703518579	0	G2V	0	0	0	0	0	M31 (L833)	1	And G2 L833
0.549540873857624401211	0.876737734743972652041	0	K0V	0	0	0	0	0	M31 (L834)	1	And K0 L834
0.288403150312660672139	0.76093009234379038741	0	K4V	0	0	0	0	0	M31 (L835)	1	And K4 L835
1.2823305826560220666	1.05881937575224038817	0	G7V	0	0	0	0	0	M31 (L836)	1	And G7 L836
0.0100000000000000002082	0.235531497971457115526	0	M1V	0	0	0	0	0	M31 (L837)	1	And M1 L837
0.310455958812835663974	0.773350162389305761934	0	K3V	0	0	0	0	0	M31 (L838)	1	And K3 L838
3.66437574647833308461	1.3477997562002255183	0	A6V	0	0	0	0	0	M31 (L839)	1	And A6 L839
0.258226019063459655278	0.742672985533614271603	0	K3V	0	0	0	0	0	M31 (L840)	1	And K3 L840
0.772680585095702143761	0.944909084037898638897	0	K0V	0	0	0	0	0	M31 (L841)	1	And K0 L841
0.00492039535681451124793	0.177727232105154842046	0	M2V	0	0	0	0	0	M31 (L842)	1	And M2 L842
0.779830110523259012467	0.946823332939915163209	0	G9V	0	0	0	0	0	M31 (L843)	1	And G9 L843
0.0515228644581756170528	0.451603142450197780899	0	K8V	0	0	0	0	0	M31 (L844)	1	And K8 L844
1.29419584144998633946	1.06106309349522898167	0	G0V	0	0	0	0	0	M31 (L845)	1	And G0 L845
2.72897778280804059747	1.25952516495220567805	0	G2V	0	0	0	0	0	M31 (L846)	1	And G2 L846
2.01372424986238796052	1.174543202064665115	0	G5V	0	0	0	0	0	M31 (L847)	1	And G5 L847
0.903649473722301199707	0.977984102466829763323	0	G9V	0	0	0	0	0	M31 (L848)	1	And G9 L848
0.15995580286146685034	0.668487646592822337688	0	K5V	0	0	0	0	0	M31 (L849)	1	And K5 L849
0.564936974812302428184	0.882076967538235945376	0	K0V	0	0	0	0	0	M31 (L850)	1	And K0 L850
0.487528490103386225041	0.853972014685598801442	0	K1V	0	0	0	0	0	M31 (L851)	1	And K1 L851
0.0102801629812647281337	0.238129793358719588081	0	M1V	0	0	0	0	0	M31 (L852)	1	And M1 L852
0.313328572431558594058	0.774916857772211531419	0	K3V	0	0	0	0	0	M31 (L853)	1	And K3 L853
0.801678063387678996321	0.952589379032458993812	0	K0V	0	0	0	0	0	M31 (L854)	1	And K0 L854
1.97696964011186127053	1.16958108982513997454	0	F7V	0	0	0	0	0	M31 (L855)	1	And F7 L855
1.59955802861466844789	1.11400149428238370852	0	G7V	0	0	0	0	0	M31 (L856)	1	And G7 L856
5.1050499997540628172	1.45452507812110720664	0	F5V	0	0	0	0	0	M31 (L857)	1	And F5 L857
0.990831944892767824129	0.997978240675509664648	0	G7V	0	0	0	0	0	M31 (L858)	1	And G7 L858
0.424619563946313005598	0.828437449878389520208	0	K2V	0	0	0	0	0	M31 (L859)	1	And K2 L859
0.208929613085403920181	0.708895614432216714107	0	K5V	0	0	0	0	0	M31 (L860)	1	And K5 L860
0.862978547766970138788	0.968137754541902983974	0	K0V	0	0	0	0	0	M31 (L861)	1	And K0 L861
1.80301774085956845184	1.14508321570604043593	0	G4V	0	0	0	0	0	M31 (L862)	1	And G4 L862
1.066596121230258154	1.01492815930836810523	0	G7V	0	0	0	0	0	M31 (L863)	1	And G7 L863
0.636795520907915690856	0.905591927007145303108	0	G7V	0	0	0	0	0	M31 (L864)	1	And G7 L864
2.37684028662487634165	1.22016037101993646274	0	G4V	0	0	0	0	0	M31 (L865)	1	And G4 L865
0.155596563160507489476	0.664441275021405708401	0	K6V	0	0	0	0	0	M31 (L866)	1	And K6 L866
0.78704578969509875197	0.948741459832862843449	0	G9V	0	0	0	0	0	M31 (L867)	1	And G9 L867
3.16227766016837952279	1.30291508174962489264	0	G0V	0	0	0	0	0	M31 (L868)	1	And G0 L868
2.37684028662487634165	1.22016037101993646274	0	G2V	0	0	0	0	0	M31 (L869)	1	And G2 L869
0.591561634175473805008	0.89104804286114314138	0	K2V	0	0	0	0	0	M31 (L870)	1	And K2 L870
0.00492039535681451124793	0.177727232105154842046	0	M2V	0	0	0	0	0	M31 (L871)	1	And M2 L871
3.56451133426244215485	1.33926767536594648611	0	F5V	0	0	0	0	0	M31 (L872)	1	And F5 L872
1.51356124843620842846	1.09994203711701632464	0	F4V	0	0	0	0	0	M31 (L873)	1	And F4 L873
1.04712854805089938814	1.01064037539995998927	0	G7V	0	0	0	0	0	M31 (L874)	1	And G7 L874
0.002355049283896008816	0.132646018737255760866	0	M3V	0	0	0	0	0	M31 (L875)	1	And M3 L875
0.0353183169791956713679	0.38872173941952181675	0	K9V	0	0	0	0	0	M31 (L876)	1	And K9 L876
0.597035286583837088159	0.892853177097340688917	0	K0V	0	0	0	0	0	M31 (L877)	1	And K0 L877
0.2355049283896008816	0.727793797079003268458	0	K5V	0	0	0	0	0	M31 (L878)	1	And K5 L878
0.69183097091893630548	0.922237742416950667668	0	G9V	0	0	0	0	0	M31 (L879)	1	And G9 L879
0.436515832240165824185	0.833482539447481740602	0	K3V	0	0	0	0	0	M31 (L880)	1	And K3 L880
0.141905752168909188304	0.651129430992284152779	0	K6V	0	0	0	0	0	M31 (L881)	1	And K6 L881
0.000937562006925879974119	0.0920173077046296805648	0	M4V	0	0	0	0	0	M31 (L882)	1	And M4 L882
1.05681750921365891216	1.0127819982243955188	0	F8V	0	0	0	0	0	M31 (L883)	1	And F8 L883
0.376703798983908988429	0.806925914190568249751	0	K2V	0	0	0	0	0	M31 (L884)	1	And K2 L884
2.58226019063459677483	1.24362910000414617073	0	F1V	0	0	0	0	0	M31 (L885)	1	And F1 L885
1.62929603263972277993	1.1187278022722424442	0	G7V	0	0	0	0	0	M31 (L886)	1	And G7 L886
0.178648757485205061935	0.684921057532577148841	0	K5V	0	0	0	0	0	M31 (L887)	1	And K5 L887
0.165958690743756021035	0.673921166507894353614	0	K6V	0	0	0	0	0	M31 (L888)	1	And K6 L888
0.325087297385434459418	0.78121544264612907682	0	K3V	0	0	0	0	0	M31 (L889)	1	And K3 L889
0.376703798983908988429	0.806925914190568249751	0	K3V	0	0	0	0	0	M31 (L890)	1	And K3 L890
0.0103752841581801341642	0.239002245926996426117	0	M1V	0	0	0	0	0	M31 (L891)	1	And M1 L891
0.231206479017559501932	0.724853924152882966858	0	K5V	0	0	0	0	0	M31 (L892)	1	And K5 L892
0.847227414140596657433	0.964227028750125336742	0	K0V	0	0	0	0	0	M31 (L893)	1	And K0 L893
0.00492039535681451124793	0.177727232105154842046	0	M2V	0	0	0	0	0	M31 (L894)	1	And M2 L894
0.847227414140596657433	0.964227028750125336742	0	G8V	0	0	0	0	0	M31 (L895)	1	And G8 L895
0.155596563160507489476	0.664441275021405708401	0	K5V	0	0	0	0	0	M31 (L896)	1	And K5 L896
1.066596121230258154	1.01492815930836810523	0	G9V	0	0	0	0	0	M31 (L897)	1	And G9 L897
1.34276496113786425468	1.07008561139099556137	0	G3V	0	0	0	0	0	M31 (L898)	1	And G3 L898
0.660693448007595884874	0.912952649071944843939	0	K0V	0	0	0	0	0	M31 (L899)	1	And K0 L899
1.22461619926504838851	1.04767175498328324323	0	G8V	0	0	0	0	0	M31 (L900)	1	And G8 L900
0.436515832240165824185	0.833482539447481740602	0	K3V	0	0	0	0	0	M31 (L901)	1	And K3 L901
0.912010839355909985748	0.979965356564140965823	0	G7V	0	0	0	0	0	M31 (L902)	1	And G7 L902
0.120226443461741314134	0.627836596577449945755	0	K6V	0	0	0	0	0	M31 (L903)	1	And K6 L903
0.71121351365332896588	0.92785406506771217483	0	K0V	0	0	0	0	0	M31 (L904)	1	And K0 L904
0.591561634175473805008	0.89104804286114314138	0	K2V	0	0	0	0	0	M31 (L905)	1	And K2 L905
0.0519995996533516441351	0.45325771206920811851	0	K8V	0	0	0	0	0	M31 (L906)	1	And K8 L906
0.0487528490103386613619	0.441801792355649813882	0	K8V	0	0	0	0	0	M31 (L907)	1	And K8 L907
3.34195040026114265075	1.31956894001108682168	0	F8V	0	0	0	0	0	M31 (L908)	1	And F8 L908
0.452897579903620617348	0.840257150766082649973	0	K1V	0	0	0	0	0	M31 (L909)	1	And K1 L909
1.43218789927354306357	1.08606001987143252485	0	G7V	0	0	0	0	0	M31 (L910)	1	And G7 L910
3.22106879128343459584	1.30844288219925286576	0	G1V	0	0	0	0	0	M31 (L911)	1	And G1 L911
0.847227414140596657433	0.964227028750125336742	0	K0V	0	0	0	0	0	M31 (L912)	1	And K0 L912
1.00925288607668428575	1.00211907507018804786	0	G8V	0	0	0	0	0	M31 (L913)	1	And G8 L913
1.05681750921365891216	1.0127819982243955188	0	G3V	0	0	0	0	0	M31 (L914)	1	And G3 L914
0.672976656284317908963	0.916655415500330139622	0	K0V	0	0	0	0	0	M31 (L915)	1	And K0 L915
0.036307805477010145212	0.393009972251059491732	0	K9V	0	0	0	0	0	M31 (L916)	1	And K9 L916
0.937562006925879987129	0.985933233800013519854	0	G7V	0	0	0	0	0	M31 (L917)	1	And G7 L917
1.48593564228700647512	1.09529509366227362221	0	G6V	0	0	0	0	0	M31 (L918)	1	And G6 L918
0.00492039535681451124793	0.177727232105154842046	0	M2V	0	0	0	0	0	M31 (L919)	1	And M2 L919
0.0366437574647833289032	0.394449870026186977245	0	K9V	0	0	0	0	0	M31 (L920)	1	And K9 L920
0.0816582371358592629118	0.542212223386503211486	0	K7V	0	0	0	0	0	M31 (L921)	1	And K7 L921
2.33345806228100238755	1.21500553916651576891	0	F6V	0	0	0	0	0	M31 (L922)	1	And F6 L922
0.981747943019984803392	0.995960568861785411343	0	G8V	0	0	0	0	0	M31 (L923)	1	And G8 L923
0.263026799189538140755	0.745685129264067159127	0	K3V	0	0	0	0	0	M31 (L924)	1	And K3 L924
0.359749335155742200332	0.798801780801570271429	0	K4V	0	0	0	0	0	M31 (L925)	1	And K4 L925
0.0816582371358592629118	0.542212223386503211486	0	K7V	0	0	0	0	0	M31 (L926)	1	And K7 L926
0.0366437574647833289032	0.394449870026186977245	0	K9V	0	0	0	0	0	M31 (L927)	1	And K9 L927
1.09647819614318464687	1.02139396838857199334	0	G9V	0	0	0	0	0	M31 (L928)	1	And G9 L928
0.0847227414140596657433	0.550202160961710817766	0	K7V	0	0	0	0	0	M31 (L929)	1	And K7 L929
0.224905460583578076239	0.720466366167224925299	0	K5V	0	0	0	0	0	M31 (L930)	1	And K5 L930
4.69894108605215521379	1.42707649649894441346	0	F7V	0	0	0	0	0	M31 (L931)	1	And F7 L931
0.751622894018205700561	0.93918952695301927136	0	G8V	0	0	0	0	0	M31 (L932)	1	And G8 L932
0.794328234724281490031	0.95066347257298966511	0	G7V	0	0	0	0	0	M31 (L933)	1	And G7 L933
1.45881426027534866208	1.09066778222698568257	0	G4V	0	0	0	0	0	M31 (L934)	1	And G4 L934
0.00492039535681451124793	0.177727232105154842046	0	M2V	0	0	0	0	0	M31 (L935)	1	And M2 L935
3.25087297385434448316	1.31121557089168638832	0	F1V	0	0	0	0	0	M31 (L936)	1	And F1 L936
1.2589254117941672817	1.05434616389027469019	0	G8V	0	0	0	0	0	M31 (L937)	1	And G8 L937
0.214783047413053401753	0.713212707859695593804	0	K5V	0	0	0	0	0	M31 (L938)	1	And K5 L938
0.05495408738576243457	0.463313211154797788272	0	K8V	0	0	0	0	0	M31 (L939)	1	And K8 L939
1.47231250243271882816	1.09297898913416013933	0	G6V	0	0	0	0	0	M31 (L940)	1	And G6 L940
12.589254117941672817	1.78984509017002868525	0	A7V	0	0	0	0	0	M31 (L941)	1	And A7 L941
2.55858588690564570101	1.24099932926338407668	0	G2V	0	0	0	0	0	M31 (L942)	1	And G2 L942
0.413047501990161380903	0.823422898356053312163	0	K2V	0	0	0	0	0	M31 (L943)	1	And K2 L943
0.120226443461741314134	0.627836596577449945755	0	K6V	0	0	0	0	0	M31 (L944)	1	And K6 L944
0.00102801629812647281337	0.0954447384097813072978	0	M4V	0	0	0	0	0	M31 (L945)	1	And M4 L945
0.424619563946313005598	0.828437449878389520208	0	K2V	0	0	0	0	0	M31 (L946)	1	And K2 L946
0.0181970085860998394278	0.298734270565591486513	0	M0V	0	0	0	0	0	M31 (L947)	1	And M0 L947
0.002355049283896008816	0.132646018737255760866	0	M3V	0	0	0	0	0	M31 (L948)	1	And M3 L948
0.000123594743344451079604	0.0411580877109204365527	0	M6V	0	0	0	0	0	M31 (L949)	1	And M6 L949
6.54636174067274989596	1.54007933523216933303	0	F3V	0	0	0	0	0	M31 (L950)	1	And F3 L950
4.52897579903620783881	1.41504397957578675893	0	F7V	0	0	0	0	0	M31 (L951)	1	And F7 L951
2.01372424986238796052	1.174543202064665115	0	G2V	0	0	0	0	0	M31 (L952)	1	And G2 L952
0.00214783047413053375732	0.127882686099847681094	0	M3V	0	0	0	0	0	M31 (L953)	1	And M3 L953
0.000135518941235103609943	0.0426911307558065986067	0	M6V	0	0	0	0	0	M31 (L954)	1	And M6 L954
1.49968483550237396962	1.09761610618975269382	0	F9V	0	0	0	0	0	M31 (L955)	1	And F9 L955
3.31131121482591161964	1.31677858733371055955	0	F9V	0	0	0	0	0	M31 (L956)	1	And F9 L956
0.0862978547766970194299	0.554241173741408799103	0	K7V	0	0	0	0	0	M31 (L957)	1	And K7 L957
0.258226019063459655278	0.742672985533614271603	0	K3V	0	0	0	0	0	M31 (L958)	1	And K3 L958
0.801678063387678996321	0.952589379032458993812	0	K0V	0	0	0	0	0	M31 (L959)	1	And K0 L959
2.77971326775928861963	1.26486887757835120283	0	F9V	0	0	0	0	0	M31 (L960)	1	And F9 L960
1.08642562361706529472	1.01923413474295365688	0	G6V	0	0	0	0	0	M31 (L961)	1	And G6 L961
0.409260659730010967206	0.82175813543330311628	0	K2V	0	0	0	0	0	M31 (L962)	1	And K2 L962
0.492039535681451090099	0.855702038260437447548	0	K2V	0	0	0	0	0	M31 (L963)	1	And K2 L963
0.108642562361706537799	0.607302347731527025765	0	K7V	0	0	0	0	0	M31 (L964)	1	And K7 L964
0.452897579903620617348	0.840257150766082649973	0	K2V	0	0	0	0	0	M31 (L965)	1	And K2 L965
0.0187068214036580013349	0.3020297952997051949	0	M0V	0	0	0	0	0	M31 (L966)	1	And M0 L966
1.03752841581801269477	1.00850328123848465012	0	G2V	0	0	0	0	0	M31 (L967)	1	And G2 L967
0.380189396320561256992	0.808560629182032863937	0	K2V	0	0	0	0	0	M31 (L968)	1	And K2 L968
7.31139083483417540066	1.57970153524770684506	0	F0V	0	0	0	0	0	M31 (L969)	1	And F0 L969
0.175388050184176164104	0.682154366085561125743	0	K5V	0	0	0	0	0	M31 (L970)	1	And K5 L970
0.00492039535681451124793	0.177727232105154842046	0	M2V	0	0	0	0	0	M31 (L971)	1	And M2 L971
0.0337287308658868953404	0.381678410154546288169	0	K9V	0	0	0	0	0	M31 (L972)	1	And K9 L972
0.0192309172891015969786	0.305361675030025592203	0	M0V	0	0	0	0	0	M31 (L973)	1	And M0 L973
0.779830110523259012467	0.946823332939915163209	0	G9V	0	0	0	0	0	M31 (L974)	1	And G9 L974
1.08642562361706529472	1.01923413474295365688	0	G8V	0	0	0	0	0	M31 (L975)	1	And G8 L975
1.1912420080273753431	1.04103959760219799691	0	G2V	0	0	0	0	0	M31 (L976)	1	And G2 L976
0.457088189614875184397	0.841959390013685249343	0	K3V	0	0	0	0	0	M31 (L977)	1	And K3 L977
0.272897778280804026441	0.751746116360657690159	0	K4V	0	0	0	0	0	M31 (L978)	1	And K4 L978
1.47231250243271882816	1.09297898913416013933	0	G7V	0	0	0	0	0	M31 (L979)	1	And G7 L979
1.78648757485205056383	1.14266182950947148278	0	G5V	0	0	0	0	0	M31 (L980)	1	And G5 L980
0.0570164272280747341792	0.470140507691521325473	0	K8V	0	0	0	0	0	M31 (L981)	1	And K8 L981
0.0787045789695098724215	0.53433831425862865494	0	K7V	0	0	0	0	0	M31 (L982)	1	And K7 L982
0.946237161365793388867	0.987930591685703518579	0	G6V	0	0	0	0	0	M31 (L983)	1	And G6 L983
0.019769696401118610346	0.308730310811272168348	0	M0V	0	0	0	0	0	M31 (L984)	1	And M0 L984
0.879022516830884614869	0.972064341511352236758	0	G8V	0	0	0	0	0	M31 (L985)	1	And G8 L985
0.00990831944892767678412	0.234671715003651804032	0	M1V	0	0	0	0	0	M31 (L986)	1	And M1 L986
2.08929613085403920181	1.18453067323857141879	0	G3V	0	0	0	0	0	M31 (L987)	1	And G3 L987
0.937562006925879987129	0.985933233800013519854	0	G6V	0	0	0	0	0	M31 (L988)	1	And G6 L988
0.49659232145033616046	0.857435566612385735574	0	K2V	0	0	0	0	0	M31 (L989)	1	And K2 L989
0.416869383470335308495	0.825091033847287547154	0	K2V	0	0	0	0	0	M31 (L990)	1	And K2 L990
0.831763771102670856905	0.960332100065883764728	0	G9V	0	0	0	0	0	M31 (L991)	1	And G9 L991
0.879022516830884614869	0.972064341511352236758	0	G9V	0	0	0	0	0	M31 (L992)	1	And G9 L992
0.0501187233627272271663	0.446675584477080223067	0	K8V	0	0	0	0	0	M31 (L993)	1	And K8 L993
0.0353183169791956713679	0.38872173941952181675	0	K9V	0	0	0	0	0	M31 (L994)	1	And K9 L994
2.18776162394955253632	1.1971345242745972115	0	G0V	0	0	0	0	0	M31 (L995)	1	And G0 L995
0.990831944892767824129	0.997978240675509664648	0	G7V	0	0	0	0	0	M31 (L996)	1	And G7 L996
0.197696964011186110399	0.700339663809420254204	0	K5V	0	0	0	0	0	M31 (L997)	1	And K5 L997
0.469894108605215299335	0.847086826655740532388	0	K2V	0	0	0	0	0	M31 (L998)	1	And K2 L998
0.0195884467350599042468	0.307603323273864581733	0	M0V	0	0	0	0	0	M31 (L999)	1	And M0 L999
0.492039535681451090099	0.855702038260437447548	0	K3V	0	0	0	0	0	M31 (L1000)	1	And K3 L1000
